"","word"
"1","include"
"2","aqsa"
"3","diagrams"
"4","june"
"5","television"
"6","soul"
"7","dimes"
"8","organization"
"9","stories"
"10","trees"
"11","taken"
"12","will"
"13","frank"
"14","awards"
"15","scores"
"16","politics"
"17","announced"
"18","take"
"19","beneath"
"20","sculptures"
"21","artnet"
"22","now"
"23","well"
"24","lot"
"25","question"
"26","just"
"27","human"
"28","ever"
"29","pretty"
"30","felt"
"31","thankful"
"32","lgbt"
"33","travelers"
"34","quebec"
"35","time"
"36","actually"
"37","forgoten"
"38","struggled"
"39","alone"
"40","hahaa"
"41","werewolf"
"42","sea"
"43","chapman"
"44","onesie"
"45","pair"
"46","binding"
"47","activities"
"48","un"
"49","bld"
"50","foundation"
"51","shimon"
"52","league"
"53","rumor"
"54","model"
"55","death"
"56","happily"
"57","hobbled"
"58","want"
"59","offended"
"60","even"
"61","rather"
"62","selling"
"63","firm"
"64","eyes"
"65","august"
"66","little"
"67","councillor"
"68","regularly"
"69","continued"
"70","anna"
"71","sailors"
"72","school"
"73","ask"
"74","less"
"75","according"
"76","earth"
"77","easily"
"78","dinner"
"79","nominees"
"80","best"
"81","born"
"82","go"
"83","closure"
"84","last"
"85","pain"
"86","snow"
"87","countless"
"88","color"
"89","idea"
"90","said"
"91","year"
"92","one"
"93","hussein"
"94","might"
"95","structures"
"96","top"
"97","beer"
"98","jumped"
"99","whilst"
"100","children"
"101","beast"
"102","argh"
"103","means"
"104","stop"
"105","wings"
"106","consideration"
"107","three"
"108","advice"
"109","upon"
"110","god"
"111","proves"
"112","enough"
"113","slices"
"114","seller"
"115","cosby"
"116","raw"
"117","end"
"118","arrogant"
"119","nyc"
"120","sumatran"
"121","bestowed"
"122","stains"
"123","terrific"
"124","trimmed"
"125","game"
"126","two"
"127","russian"
"128","fonts"
"129","yeti"
"130","punchy"
"131","early"
"132","nice"
"133","box"
"134","around"
"135","suggetion"
"136","back"
"137","build"
"138","today"
"139","fix"
"140","barnet"
"141","records"
"142","members"
"143","emotion"
"144","new"
"145","compared"
"146","dancing"
"147","experience"
"148","come"
"149","extreme"
"150","home"
"151","roses"
"152","avoid"
"153","course"
"154","find"
"155","help"
"156","money"
"157","see"
"158","serious"
"159","slightly"
"160","boxes"
"161","radio"
"162","sales"
"163","demonstrated"
"164","helpful"
"165","still"
"166","aniseed"
"167","piau"
"168","haunting"
"169","em"
"170","mail"
"171","frosting"
"172","died"
"173","impervious"
"174","thrive"
"175","red"
"176","serrano"
"177","miette"
"178","waters"
"179","later"
"180","friends"
"181","form"
"182","instructed"
"183","things"
"184","background"
"185","basted"
"186","stubblefield"
"187","stubblefields"
"188","use"
"189","cynthia"
"190","alex"
"191","borders"
"192","closest"
"193","board"
"194","choose"
"195","fluidity"
"196","million"
"197","bdubs"
"198","seriously"
"199","drama"
"200","percent"
"201","winter"
"202","mccourt"
"203","proud"
"204","farm"
"205","lost"
"206","sets"
"207","may"
"208","know"
"209","service"
"210","factors"
"211","suspension"
"212","definitely"
"213","long"
"214","tho"
"215","paste"
"216","report"
"217","tells"
"218","jack"
"219","hiphop"
"220","tonight"
"221","adjust"
"222","quiet"
"223","arab"
"224","cheese"
"225","natures"
"226","saying"
"227","trying"
"228","crew"
"229","putting"
"230","cream"
"231","desired"
"232","hilarious"
"233","murphy"
"234","underwear"
"235","tickets"
"236","much"
"237","feet"
"238","get"
"239","daughter"
"240","machines"
"241","ryan"
"242","dessert"
"243","maturity"
"244","visit"
"245","al"
"246","mostly"
"247","many"
"248","whether"
"249","mirrors"
"250","texts"
"251","friday"
"252","peacefully"
"253","print"
"254","assist"
"255","join"
"256","lib"
"257","steven"
"258","les"
"259","connecticut"
"260","michael"
"261","slutˇòèˇòò"
"262","obama"
"263","genuinely"
"264","cocaine"
"265","whatever"
"266","arrogance"
"267","including"
"268","ccs"
"269","exclusion"
"270","throw"
"271","emerged"
"272","let"
"273","joined"
"274","possibly"
"275","can"
"276","james"
"277","cringed"
"278","families"
"279","february"
"280","higher"
"281","creations"
"282","demolish"
"283","men"
"284","gossiping"
"285","barack"
"286","games"
"287","stove"
"288","encoded"
"289","morgan"
"290","instead"
"291","lets"
"292","says"
"293","looking"
"294","sinuous"
"295","big"
"296","relate"
"297","class"
"298","every"
"299","poop"
"300","backback"
"301","listener"
"302","endured"
"303","act"
"304","post"
"305","deeper"
"306","series"
"307","stephane"
"308","hot"
"309","attractive"
"310","cancer"
"311","pa"
"312","sitting"
"313","thus"
"314","bitter"
"315","educational"
"316","fatal"
"317","try"
"318","examples"
"319","alchemical"
"320","cards"
"321","director"
"322","run"
"323","aside"
"324","high"
"325","leftist"
"326","chillies"
"327","love"
"328","stand"
"329","done"
"330","girls"
"331","houstons"
"332","information"
"333","booty"
"334","concerns"
"335","nelson"
"336","bureau"
"337","really"
"338","whatsoever"
"339","chausson"
"340","apr„s"
"341","guess"
"342","farmers"
"343","slapped"
"344","like"
"345","bed"
"346","pang"
"347","list"
"348","voting"
"349","managed"
"350","gen"
"351","bra"
"352","tough"
"353","monitors"
"354","deciding"
"355","page"
"356","pieces"
"357","dont"
"358","blood"
"359","recession"
"360","strength"
"361","biggest"
"362","movements"
"363","plzzzzzzzzzzz"
"364","lie"
"365","colors"
"366","wrong"
"367","motor"
"368","world"
"369","wobbly"
"370","line"
"371","somehow"
"372","president"
"373","nominating"
"374","feebly"
"375","indicated"
"376","shouted"
"377","show"
"378","us"
"379","age"
"380","family"
"381","idiot"
"382","parking"
"383","cupcakes"
"384","macaron"
"385","quit"
"386","expensive"
"387","fact"
"388","fun"
"389","since"
"390","reading"
"391","loaded"
"392","milwaukee"
"393","palm"
"394","progress"
"395","ch"
"396","flow"
"397","engage"
"398","bored"
"399","frm"
"400","mad"
"401","meet"
"402","ready"
"403","sky"
"404","cupcake"
"405","total"
"406","recently"
"407","surrender"
"408","made"
"409","march"
"410","roddy"
"411","walking"
"412","authority"
"413","wanted"
"414","celebrating"
"415","cinema"
"416","disappear"
"417","luck"
"418","morning"
"419","movie"
"420","point"
"421","icecream"
"422","good"
"423","thanks"
"424","hands"
"425","filling"
"426","flexmarkers"
"427","craft"
"428","gig"
"429","loves"
"430","send"
"431","productive"
"432","tend"
"433","kills"
"434","mine"
"435","shook"
"436","shout"
"437","woo"
"438","cons"
"439","meditation"
"440","disease"
"441","failure"
"442","breathing"
"443","needs"
"444","support"
"445","talmage"
"446","involved"
"447","hours"
"448","joys"
"449","puffs"
"450","test"
"451","recommend"
"452","cause"
"453","songs"
"454","willing"
"455","sensei"
"456","bible"
"457","tired"
"458","make"
"459","ecstatic"
"460","baby"
"461","clears"
"462","seems"
"463","lava"
"464","outside"
"465","eulogizes"
"466","chaussons"
"467","blend"
"468","entering"
"469","millions"
"470","storm"
"471","displays"
"472","fan"
"473","surprised"
"474","circle"
"475","influence"
"476","coloring"
"477","tonights"
"478","mobile"
"479","uk"
"480","segment"
"481","period"
"482","environment"
"483","education"
"484","greeting"
"485","accused"
"486","planning"
"487","watson"
"488","cohen"
"489","thriller"
"490","browns"
"491","watchorg"
"492","mind"
"493","latest"
"494","landis"
"495","nfl"
"496","right"
"497","sweating"
"498","exciting"
"499","final"
"500","winners"
"501","abide"
"502","finished"
"503","happened"
"504","keep"
"505","notice"
"506","noticing"
"507","fans"
"508","picturing"
"509","date"
"510","earn"
"511","public"
"512","hotspur"
"513","abstract"
"514","rock"
"515","learning"
"516","mean"
"517","next"
"518","silliness"
"519","think"
"520","la"
"521","pin"
"522","night"
"523","turn"
"524","xd"
"525","moni"
"526","crazy"
"527","jumping"
"528","unesco"
"529","email"
"530","math"
"531","jews"
"532","heures"
"533","famous"
"534","peers"
"535","people"
"536","actions"
"537","leader"
"538","blessings"
"539","happiness"
"540","snack"
"541","eternity"
"542","overhyped"
"543","quickly"
"544","shake"
"545","far"
"546","lyrical"
"547","realworld"
"548","erekat"
"549","facebook"
"550","playstation"
"551","im"
"552","kids"
"553","portland"
"554","john"
"555","sold"
"556","hidden"
"557","live"
"558","ashamed"
"559","oakland"
"560","disappointing"
"561","flavor"
"562","nearly"
"563","candies"
"564","fire"
"565","websites"
"566","ewe"
"567","life"
"568","photo"
"569","sir"
"570","phrases"
"571","grapefruit"
"572","bad"
"573","cuse"
"574","burlesque"
"575","music"
"576","side"
"577","entire"
"578","harder"
"579","online"
"580","sacrifice"
"581","grab"
"582","training"
"583","via"
"584","choices"
"585","ms"
"586","prominent"
"587","babies"
"588","coroners"
"589","lower"
"590","french"
"591","meant"
"592","win"
"593","committee"
"594","approved"
"595","knew"
"596","skills"
"597","eat"
"598","rosanna"
"599","poured"
"600","poorly"
"601","winning"
"602","jacksons"
"603","patisserie"
"604","say"
"605","spiritual"
"606","wednesday"
"607","worth"
"608","dollars"
"609","cincinnati"
"610","harper"
"611","trick"
"612","crippled"
"613","business"
"614","five"
"615","set"
"616","bitches"
"617","house"
"618","superbly"
"619","positives"
"620","company"
"621","drugs"
"622","hope"
"623","seem"
"624","entertainment"
"625","barns"
"626","constantly"
"627","refresher"
"628","pages"
"629","winnie"
"630","fucking"
"631","never"
"632","england"
"633","owners"
"634","photos"
"635","social"
"636","website"
"637","york"
"638","move"
"639","simultaneous"
"640","lately"
"641","amazing"
"642","discovery"
"643","ear"
"644","upper"
"645","defend"
"646","warmonger"
"647","garden"
"648","came"
"649","speech"
"650","frightened"
"651","always"
"652","attached"
"653","boxer"
"654","comprehensively"
"655","episodes"
"656","four"
"657","got"
"658","hides"
"659","successful"
"660","thing"
"661","mat"
"662","selected"
"663","ok"
"664","miami"
"665","departure"
"666","management"
"667","behind"
"668","bar"
"669","became"
"670","saidseveral"
"671","disappointed"
"672","unless"
"673","holy"
"674","suddenly"
"675","thomas"
"676","mobiles"
"677","fear"
"678","pull"
"679","polar"
"680","rooftop"
"681","phone"
"682","another"
"683","purchased"
"684","fool"
"685","sleep"
"686","envy"
"687","neither"
"688","wonder"
"689","flakes"
"690","focus"
"691","proceeds"
"692","light"
"693","poorlyfeigned"
"694","note"
"695","check"
"696","faur„s"
"697","sang"
"698","please"
"699","receiving"
"700","wood"
"701","sewalong"
"702","floyd"
"703","working"
"704","artificial"
"705","room"
"706","erdogan"
"707","bear"
"708","broken"
"709","package"
"710","senders"
"711","planned"
"712","celebrity"
"713","truly"
"714","season"
"715","hundreds"
"716","ibm"
"717","cookies"
"718","sure"
"719","upset"
"720","eating"
"721","forgive"
"722","painter"
"723","dreams"
"724","precision"
"725","schools"
"726","daw"
"727","plus"
"728","scaffolds"
"729","something"
"730","therefore"
"731","relevance"
"732","formed"
"733","put"
"734","torres"
"735","equally"
"736","dream"
"737","edges"
"738","gently"
"739","bonus"
"740","perhaps"
"741","cool"
"742","mixed"
"743","smart"
"744","treatment"
"745","banner"
"746","backbone"
"747","pepper"
"748","storag"
"749","play"
"750","advancement"
"751","smartphone"
"752","ruled"
"753","nhl"
"754","paddled"
"755","cohort"
"756","heart"
"757","pink"
"758","collapses"
"759","seats"
"760","mavs"
"761","bluebirds"
"762","israel"
"763","archaic"
"764","spy"
"765","name"
"766","henry"
"767","times"
"768","leaked"
"769","ford"
"770","six"
"771","shapely"
"772","party"
"773","exhausted"
"774","flesh"
"775","turkish"
"776","tear"
"777","alongside"
"778","dropout"
"779","homeschooling"
"780","attend"
"781","privileged"
"782","kinetic"
"783","floated"
"784","green"
"785","org"
"786","debby"
"787","violence"
"788","plenty"
"789","council"
"790","flowery"
"791","reach"
"792","spiraling"
"793","response"
"794","aids"
"795","bounding"
"796","emails"
"797","auction"
"798","land"
"799","hand"
"800","fight"
"801","urgency"
"802","peres"
"803","vigorously"
"804","bit"
"805","nonsense"
"806","effects"
"807","madness"
"808","huh"
"809","initial"
"810","oprahs"
"811","directness"
"812","promote"
"813","einsteins"
"814","without"
"815","priciest"
"816","kirsty"
"817","different"
"818","past"
"819","funphone"
"820","tv"
"821","accumulated"
"822","storms"
"823","media"
"824","combined"
"825","doldrums"
"826","oo"
"827","else"
"828","found"
"829","within"
"830","broke"
"831","clyde"
"832","faur„"
"833","rain"
"834","london"
"835","modern"
"836","ultimately"
"837","jcc"
"838","control"
"839","elements"
"840","ring"
"841","finally"
"842","tall"
"843","filled"
"844","heavy"
"845","dion"
"846","soderbergh"
"847","close"
"848","wrestling"
"849","readable"
"850","ice"
"851","roof"
"852","unsung"
"853","drums"
"854","going"
"855","artists"
"856","stopped"
"857","air"
"858","brewed"
"859","rendered"
"860","effort"
"861","news"
"862","historians"
"863","boss"
"864","raffi"
"865","dangling"
"866","tuesday"
"867","care"
"868","drug"
"869","place"
"870","educationalfun"
"871","november"
"872","confident"
"873","longer"
"874","executive"
"875","everything"
"876","whitney"
"877","forget"
"878","accompanied"
"879","follow"
"880","keeping"
"881","mention"
"882","part"
"883","attacking"
"884","half"
"885","rooting"
"886","sites"
"887","kinkade"
"888","reduce"
"889","locations"
"890","ways"
"891","american"
"892","away"
"893","adamant"
"894","afternoon"
"895","anymore"
"896","give"
"897","mortality"
"898","ooh"
"899","prolific"
"900","week"
"901","hes"
"902","probably"
"903","ots"
"904","episode"
"905","fighters"
"906","star"
"907","together"
"908","seen"
"909","asshol"
"910","wear"
"911","camellias"
"912","soon"
"913","sway"
"914","persimmon"
"915","work"
"916","hide"
"917","sake"
"918","pm"
"919","nonapproved"
"920","beautiful"
"921","great"
"922","years"
"923","situation"
"924","dirty"
"925","press"
"926","r„ve"
"927","czar"
"928","fault"
"929","security"
"930","someone"
"931","combination"
"932","history"
"933","contributing"
"934","jedi"
"935","shouting"
"936","categories"
"937","listen"
"938","local"
"939","self"
"940","tix"
"941","type"
"942","copy"
"943","dear"
"944","weather"
"945","iran"
"946","beauty"
"947","cold"
"948","gentle"
"949","former"
"950","harrower"
"951","thongs"
"952","loss"
"953","acted"
"954","directed"
"955","betide"
"956","private"
"957","building"
"958","houston"
"959","shall"
"960","whoa"
"961","address"
"962","allow"
"963","begin"
"964","examine"
"965","honestly"
"966","publicly"
"967","render"
"968","serve"
"969","whole"
"970","mandela"
"971","opener"
"972","immediate"
"973","somebody"
"974","pic"
"975","nobody"
"976","raise"
"977","sothebys"
"978","tan"
"979","settled"
"980","art"
"981","risk"
"982","daddy"
"983","however"
"984","word"
"985","record"
"986","southern"
"987","search"
"988","apt"
"989","also"
