"","count"
"the",1240
"and",730
"to",729
"a",601
"i",572
"of",558
"in",388
"that",338
"it",288
"is",264
"for",257
"with",210
"was",205
"my",197
"you",189
"as",169
"this",163
"have",162
"on",155
"be",147
"we",140
"but",137
"at",127
"so",110
"he",109
"not",106
"are",100
"all",96
"from",95
"or",95
"his",90
"by",88
"me",88
"like",85
"one",85
"about",85
"had",84
"has",81
"up",79
"just",77
"will",75
"your",74
"more",74
"been",73
"her",73
"what",71
"they",70
"time",67
"an",66
"some",65
"out",63
"if",63
"were",62
"can",62
"there",62
"would",61
"our",59
"who",59
"how",58
"she",54
"do",54
"when",53
"its",53
"know",52
"them",51
"no",51
"their",47
"now",47
"much",46
"because",45
"over",44
"after",43
"get",43
"into",42
"which",42
"other",41
"us",41
"very",40
"people",40
"think",40
"day",40
"also",39
"good",39
"too",38
"new",38
"could",38
"then",38
"than",37
"only",37
"these",36
"am",36
"make",35
"back",34
"off",34
"really",34
"before",33
"most",32
"see",31
"little",31
"him",30
"first",30
"while",29
"did",29
"way",29
"right",28
"even",28
"want",28
"those",28
"love",27
"life",27
"many",27
"around",26
"here",26
"well",26
"year",26
"years",25
"made",25
"where",25
"got",24
"being",24
"it's",24
"world",24
"any",23
"go",23
"lot",23
"always",23
"things",23
"i'm",23
"dont",23
"great",23
"need",22
"two",22
"own",22
"still",22
"home",22
"work",21
"feel",21
"say",21
"every",21
"water",21
"never",20
"away",20
"look",20
"few",20
"until",20
"said",20
"going",20
"down",19
"wanted",19
"used",19
"fun",19
"same",19
"seen",19
"may",19
"come",19
"without",19
"best",19
"something",19
"place",19
"bad",18
"again",18
"find",18
"today",18
"why",18
"different",18
"didn't",18
"shall",18
"keep",17
"long",17
"last",17
"both",17
"god",17
"i've",17
"money",16
"use",16
"should",16
"times",16
"course",16
"looking",16
"house",16
"take",16
"seems",16
"kids",15
"such",15
"night",15
"another",15
"ive",15
"end",15
"free",15
"three",15
"don't",15
"told",15
"school",15
"words",15
"days",15
"sure",14
"stuff",14
"im",14
"knew",14
"car",14
"bit",14
"writing",14
"high",14
"having",14
"book",14
"each",14
"old",14
"light",14
"enough",13
"help",13
"makes",13
"read",13
"anything",13
"story",13
"heart",13
"next",13
"face",13
"trying",13
"food",13
"part",13
"during",13
"myself",13
"thing",12
"does",12
"through",12
"often",12
"cant",12
"though",12
"able",12
"working",12
"cake",12
"south",12
"real",12
"soon",12
"already",12
"live",12
"music",12
"making",12
"maybe",12
"add",12
"blog",12
"call",12
"man",12
"job",11
"using",11
"friends",11
"ever",11
"give",11
"reading",11
"books",11
"since",11
"company",11
"point",11
"hope",11
"run",11
"least",11
"might",11
"room",11
"head",11
"between",11
"yet",11
"she's",11
"busy",10
"playing",10
"either",10
"black",10
"finally",10
"week",10
"gave",10
"started",10
"must",10
"youre",10
"late",10
"once",10
"white",10
"minutes",10
"along",10
"running",10
"put",10
"given",10
"against",10
"living",10
"less",10
"person",10
"reason",10
"paper",10
"can't",10
"hes",10
"move",9
"support",9
"city",9
"enjoy",9
"everyone",9
"feeling",9
"wonderful",9
"play",9
"number",9
"probably",9
"beautiful",9
"yes",9
"taken",9
"came",9
"start",9
"quite",9
"comes",9
"kept",9
"beer",9
"recently",9
"word",9
"wait",9
"big",9
"someone",9
"matter",9
"state",9
"cup",9
"left",9
"season",8
"corner",8
"cut",8
"special",8
"tell",8
"thats",8
"several",8
"sister",8
"mom",8
"weeks",8
"onto",8
"space",8
"everything",8
"interesting",8
"yesterday",8
"loved",8
"daughter",8
"country",8
"however",8
"post",8
"hand",8
"de",8
"anyone",8
"found",8
"fear",8
"spend",8
"true",8
"decided",8
"husband",8
"media",8
"children",8
"morning",8
"become",8
"top",8
"fact",8
"future",8
"isnt",8
"common",8
"later",7
"game",7
"card",7
"almost",7
"change",7
"red",7
"hear",7
"stories",7
"share",7
"pretty",7
"far",7
"whether",7
"went",7
"area",7
"parents",7
"ended",7
"process",7
"began",7
"happy",7
"took",7
"remember",7
"tried",7
"mind",7
"value",7
"ground",7
"mother",7
"eyes",7
"m",7
"bed",7
"lives",7
"talk",7
"short",7
"second",7
"saying",7
"actually",7
"father",7
"you're",7
"i'd",7
"turned",7
"local",7
"th",7
"s",7
"theres",7
"understand",7
"power",7
"important",7
"walking",7
"under",7
"park",7
"walked",7
"piece",7
"stay",7
"try",7
"weekend",7
"past",7
"society",7
"africa",7
"natural",7
"added",7
"centre",7
"that's",7
"thank",7
"isn't",7
"watch",6
"coming",6
"claim",6
"hard",6
"problem",6
"months",6
"doing",6
"including",6
"bunch",6
"nature",6
"group",6
"four",6
"quality",6
"loving",6
"hoping",6
"guy",6
"leave",6
"feet",6
"asked",6
"system",6
"better",6
"relationship",6
"goes",6
"somewhat",6
"hours",6
"getting",6
"movie",6
"designed",6
"tomorrow",6
"information",6
"due",6
"product",6
"ways",6
"french",6
"pick",6
"across",6
"cream",6
"street",6
"instead",6
"thinking",6
"caught",6
"doesn't",6
"giving",6
"thought",6
"couple",6
"places",6
"film",6
"itself",6
"poor",6
"completely",6
"looked",6
"paint",6
"wasn't",6
"saw",6
"moral",6
"library",6
"third",6
"watching",6
"stop",6
"whole",6
"case",6
"sweet",6
"truth",6
"single",6
"mean",6
"john",6
"eye",6
"list",6
"plant",6
"team",6
"level",6
"further",6
"idea",6
"la",6
"alone",6
"he's",6
"full",6
"ideas",6
"child",6
"drive",6
"especially",6
"vintage",6
"success",6
"kelp",6
"mr",5
"characters",5
"set",5
"gives",5
"easy",5
"let's",5
"capitalism",5
"freedom",5
"worse",5
"town",5
"report",5
"planning",5
"charles",5
"id",5
"favorite",5
"kind",5
"hit",5
"month",5
"ill",5
"novel",5
"experience",5
"door",5
"earlier",5
"show",5
"wind",5
"himself",5
"simply",5
"clean",5
"care",5
"early",5
"band",5
"produce",5
"warm",5
"provide",5
"nice",5
"kitten",5
"worked",5
"drink",5
"couldnt",5
"fruit",5
"perfect",5
"within",5
"according",5
"broken",5
"involved",5
"let",5
"offer",5
"housing",5
"sunday",5
"wont",5
"turn",5
"kid",5
"st",5
"hill",5
"pub",5
"needed",5
"quick",5
"brought",5
"minister",5
"gets",5
"body",5
"huge",5
"exercise",5
"learning",5
"simple",5
"naturally",5
"themselves",5
"done",5
"son",5
"social",5
"floor",5
"german",5
"born",5
"leaves",5
"jesus",5
"didnt",5
"wisdom",5
"lady",5
"felt",5
"definitely",5
"line",5
"cause",5
"wedding",5
"close",5
"dad",5
"news",5
"side",5
"star",5
"attention",5
"purpose",5
"five",5
"heard",5
"political",5
"online",5
"hold",5
"damn",5
"land",5
"african",5
"force",5
"ask",5
"figure",5
"michaels",5
"front",5
"lost",5
"weather",5
"present",5
"sit",5
"means",5
"brother",5
"cricket",5
"named",4
"usual",4
"together",4
"birthday",4
"count",4
"realized",4
"switch",4
"circle",4
"pass",4
"die",4
"super",4
"treated",4
"mine",4
"others",4
"although",4
"nothing",4
"distance",4
"lack",4
"buy",4
"wrong",4
"problems",4
"friday",4
"raised",4
"council",4
"dark",4
"rain",4
"remaining",4
"small",4
"whose",4
"etc",4
"major",4
"finished",4
"ring",4
"considering",4
"seemed",4
"benefits",4
"fine",4
"kitchen",4
"changed",4
"court",4
"secret",4
"party",4
"faces",4
"dog",4
"traditional",4
"benefit",4
"piano",4
"joe",4
"laid",4
"presence",4
"mothers",4
"jr",4
"wasnt",4
"wife",4
"decision",4
"near",4
"wear",4
"literally",4
"entertainment",4
"called",4
"art",4
"bride",4
"purchase",4
"friend",4
"recent",4
"final",4
"main",4
"learned",4
"discovered",4
"vanilla",4
"chose",4
"whip",4
"washing",4
"various",4
"development",4
"manage",4
"order",4
"crazy",4
"name",4
"economic",4
"wanting",4
"store",4
"cover",4
"beauty",4
"worry",4
"taking",4
"struggle",4
"sort",4
"believe",4
"sales",4
"apparently",4
"fire",4
"bright",4
"race",4
"break",4
"groups",4
"prime",4
"hair",4
"fresh",4
"salsa",4
"access",4
"holes",4
"exactly",4
"inspired",4
"young",4
"journey",4
"colour",4
"history",4
"estate",4
"write",4
"usually",4
"figured",4
"chance",4
"family",4
"memphis",4
"passion",4
"ukip",4
"parties",4
"random",4
"admit",4
"largest",4
"ran",4
"hurt",4
"dead",4
"supposed",4
"men",4
"church",4
"baby",4
"cycle",4
"series",4
"ride",4
"you've",4
"voice",4
"fixed",4
"forced",4
"dancing",4
"drinking",4
"trials",4
"visit",4
"games",4
"rather",4
"angry",4
"expect",4
"hot",4
"older",4
"practice",4
"boat",4
"summer",4
"paid",4
"self",4
"respect",4
"choice",4
"dr",4
"sad",4
"guys",4
"global",4
"explain",4
"nights",4
"claims",4
"shopping",4
"europe",4
"en",4
"available",4
"longer",4
"straight",4
"ten",4
"wingate",4
"military",4
"united",4
"open",4
"hundreds",4
"upon",4
"camera",4
"suggests",4
"edges",4
"includes",4
"ability",4
"create",4
"slowly",4
"looks",4
"yard",4
"happened",4
"cool",4
"plants",4
"bottom",4
"simplicity",4
"horror",4
"keyword",4
"hungry",4
"forward",4
"writers",4
"mini",4
"earth",4
"public",4
"insurance",4
"financial",4
"stand",4
"dvd",4
"patient",4
"bertie",4
"diary",4
"wine",4
"awesome",3
"fort",3
"gift",3
"saving",3
"cute",3
"reaction",3
"gifts",3
"images",3
"pad",3
"similar",3
"refuse",3
"step",3
"theyre",3
"keeping",3
"guess",3
"international",3
"recognition",3
"inn",3
"complete",3
"americans",3
"government",3
"rid",3
"causing",3
"america",3
"pain",3
"sun",3
"moved",3
"mention",3
"sky",3
"issue",3
"ignore",3
"amazing",3
"meant",3
"martin",3
"author",3
"character",3
"pushed",3
"train",3
"warning",3
"april",3
"business",3
"moving",3
"opportunity",3
"relax",3
"fears",3
"plot",3
"strength",3
"powerful",3
"appearance",3
"lines",3
"age",3
"phone",3
"appeal",3
"crime",3
"santa",3
"attended",3
"scene",3
"thin",3
"york",3
"radio",3
"doubt",3
"crisis",3
"craft",3
"project",3
"streets",3
"mix",3
"wouldn't",3
"bill",3
"chandler",3
"songs",3
"title",3
"organization",3
"helps",3
"doesnt",3
"sold",3
"male",3
"sometimes",3
"behind",3
"popular",3
"pulling",3
"class",3
"tonight",3
"despite",3
"hour",3
"evidence",3
"sorry",3
"lived",3
"ban",3
"wouldnt",3
"term",3
"pop",3
"onion",3
"juice",3
"entire",3
"above",3
"known",3
"el",3
"hell",3
"larger",3
"comedy",3
"click",3
"economy",3
"rubbing",3
"rub",3
"required",3
"effort",3
"bits",3
"layer",3
"waiting",3
"ms",3
"opened",3
"bottle",3
"dream",3
"meets",3
"picture",3
"arrive",3
"purposes",3
"energy",3
"dublin",3
"central",3
"save",3
"separate",3
"survival",3
"environment",3
"turning",3
"becoming",3
"giant",3
"mistakes",3
"wrote",3
"jars",3
"logo",3
"math",3
"expensive",3
"beginning",3
"london",3
"century",3
"former",3
"pubs",3
"i'll",3
"bring",3
"dress",3
"salsas",3
"involve",3
"managed",3
"opening",3
"flavor",3
"cache",3
"fast",3
"caches",3
"writer",3
"universe",3
"edge",3
"control",3
"human",3
"green",3
"politics",3
"corrupt",3
"tale",3
"spent",3
"returned",3
"jump",3
"enjoying",3
"exists",3
"article",3
"web",3
"doors",3
"easily",3
"distressed",3
"hide",3
"except",3
"signed",3
"tools",3
"federal",3
"track",3
"spring",3
"police",3
"smaller",3
"surfaces",3
"objects",3
"actual",3
"continues",3
"they're",3
"creation",3
"charge",3
"dinner",3
"foundation",3
"nation",3
"walk",3
"choose",3
"egg",3
"none",3
"twice",3
"friendly",3
"sentences",3
"hall",3
"debut",3
"center",3
"cello",3
"collection",3
"honestly",3
"fan",3
"ass",3
"distributor",3
"groom",3
"dance",3
"eating",3
"spending",3
"till",3
"says",3
"ones",3
"alive",3
"justice",3
"merry",3
"standard",3
"june",3
"treats",3
"idf",3
"perhaps",3
"states",3
"king",3
"reminded",3
"return",3
"became",3
"situation",3
"mouth",3
"tooth",3
"taxes",3
"travel",3
"seem",3
"prefer",3
"cable",3
"general",3
"lie",3
"reality",3
"proud",3
"keeps",3
"afternoon",3
"breathing",3
"unfortunately",3
"passed",3
"golden",3
"death",3
"forget",3
"gotten",3
"facts",3
"unlike",3
"inside",3
"glory",3
"lord",3
"girl",3
"sought",3
"upstairs",3
"seeds",3
"lots",3
"gardener",3
"address",3
"campaign",3
"ruckus",3
"honor",3
"won",3
"moment",3
"bought",3
"ii",3
"iheart",3
"conversation",3
"starting",3
"cab",3
"meters",3
"los",3
"miracles",3
"air",3
"daily",3
"regarding",3
"drove",3
"comfort",3
"las",3
"clearly",3
"finding",3
"comfortable",3
"learn",3
"wall",3
"wrapped",3
"test",3
"statement",3
"blood",3
"drinks",3
"fair",3
"delicious",3
"oh",3
"text",3
"here's",3
"defense",3
"yourself",3
"listen",3
"turns",3
"weight",3
"notice",3
"below",3
"works",3
"else",3
"listening",3
"cat",3
"italians",3
"italian",3
"ethnic",3
"europeans",3
"cash",3
"please",3
"health",3
"injury",3
"currant",3
"genuine",3
"stopped",3
"babies",3
"spiritual",3
"aware",3
"wide",3
"cents",3
"begin",3
"suspect",3
"indeed",3
"july",3
"funny",3
"zimbabwe",3
"fall",3
"stood",3
"rule",3
"check",3
"algae",3
"tank",3
"director",3
"played",3
"pages",3
"tells",3
"impossibilities",3
"asking",3
"connected",3
"personal",3
"website",3
"search",3
"haven't",3
"cooked",3
"written",3
"jobs",3
"brain",3
"prednisone",3
"offered",3
"knowledge",3
"parts",3
"partner",3
"gay",3
"lifestyle",3
"wish",3
"currently",3
"sell",3
"worth",3
"ribbon",3
"dyed",3
"ideal",3
"universal",3
"products",3
"nicole",3
"cough",3
"kecofa",3
"eventually",3
"heritage",3
"bats",3
"easier",3
"chronic",3
"honest",3
"showing",3
"truly",3
"internet",3
"activism",3
"certain",3
"uk",3
"ago",3
"oss",3
"portland",3
"version",3
"tart",3
"inches",3
"affairs",3
"reign",3
"doctor",3
"psychedelic",3
"we're",3
"delivered",3
"workshop",3
"darkness",3
"milonga",3
"oil",2
"fields",2
"brown",2
"bank",2
"letting",2
"graduation",2
"cards",2
"brings",2
"one's",2
"impressions",2
"double",2
"fantastic",2
"alternative",2
"staff",2
"telling",2
"beloved",2
"station",2
"otherwise",2
"peter",2
"prices",2
"afford",2
"liberty",2
"impetus",2
"regulation",2
"disaster",2
"serious",2
"deal",2
"needs",2
"tourist",2
"bringing",2
"parish",2
"lighting",2
"football",2
"subject",2
"condition",2
"ensure",2
"necessary",2
"np",2
"protected",2
"closed",2
"roads",2
"neighbor",2
"fireflies",2
"chase",2
"journalist",2
"resident",2
"investigating",2
"boy",2
"tracks",2
"device",2
"detonated",2
"feels",2
"boyfriend",2
"successfully",2
"hefty",2
"novels",2
"surprisingly",2
"clash",2
"kings",2
"margarita",2
"russian",2
"refreshing",2
"mood",2
"smash",2
"scared",2
"dig",2
"contains",2
"provides",2
"enhances",2
"antioxidant",2
"c",2
"smooth",2
"breaking",2
"hiding",2
"havent",2
"anc",2
"approached",2
"song",2
"pregnant",2
"authority",2
"particularly",2
"strikers",2
"recieved",2
"companyfunded",2
"xmas",2
"k",2
"apartment",2
"chicken",2
"board",2
"filling",2
"fiction",2
"magazines",2
"oprah",2
"costume",2
"toes",2
"humans",2
"immediate",2
"murdoch",2
"toxic",2
"anyway",2
"mess",2
"repeating",2
"allow",2
"terms",2
"harry",2
"thomas",2
"lovin",2
"backing",2
"loose",2
"helped",2
"sounds",2
"album",2
"assistance",2
"chandlers",2
"towards",2
"gone",2
"fly",2
"delivery",2
"davis",2
"worried",2
"unhealthy",2
"heroes",2
"enjoyed",2
"thus",2
"opinion",2
"punching",2
"investing",2
"commercial",2
"property",2
"urban",2
"longterm",2
"values",2
"frantic",2
"sprint",2
"andrew",2
"decent",2
"talking",2
"half",2
"smokers",2
"sympathy",2
"seriously",2
"among",2
"supply",2
"correct",2
"liked",2
"fizzy",2
"difficult",2
"mi",2
"australia",2
"performances",2
"fond",2
"failed",2
"sex",2
"typical",2
"interior",2
"design",2
"travis",2
"famous",2
"designer",2
"period",2
"style",2
"offering",2
"customers",2
"discount",2
"stuffed",2
"animal",2
"outfit",2
"page",2
"vast",2
"prayer",2
"lately",2
"fuel",2
"liquid",2
"creamy",2
"thick",2
"jelly",2
"dries",2
"takes",2
"responded",2
"creating",2
"wearing",2
"pastor",2
"attend",2
"chapters",2
"round",2
"dialogue",2
"plotting",2
"nd",2
"amount",2
"send",2
"syrup",2
"flavors",2
"toast",2
"tad",2
"palette",2
"lab",2
"pan",2
"tiny",2
"soul",2
"initiated",2
"points",2
"oreilly",2
"francis",2
"apartments",2
"arms",2
"organisation",2
"possible",2
"western",2
"masses",2
"attempt",2
"lose",2
"survivor",2
"chest",2
"fight",2
"fox",2
"dude",2
"somewhere",2
"struggling",2
"skills",2
"furniture",2
"planned",2
"impression",2
"player",2
"lay",2
"orbit",2
"war",2
"northwood",2
"surprised",2
"shops",2
"affluent",2
"burns",2
"silent",2
"searching",2
"grabbed",2
"nick",2
"direction",2
"certainly",2
"knows",2
"event",2
"stuck",2
"texas",2
"remove",2
"oven",2
"cheese",2
"avoid",2
"limited",2
"bean",2
"corn",2
"sauce",2
"excellent",2
"depth",2
"data",2
"load",2
"memory",2
"pressure",2
"speed",2
"gloomy",2
"brownstone",2
"punched",2
"osman",2
"quotes",2
"imagined",2
"landscape",2
"writes",2
"wizard",2
"howls",2
"leftover",2
"dish",2
"scary",2
"message",2
"shows",2
"evolution",2
"species",2
"sense",2
"role",2
"powers",2
"systems",2
"knits",2
"winter",2
"breath",2
"shaking",2
"teeth",2
"unchanged",2
"freddie",2
"religion",2
"fraud",2
"describe",2
"seldom",2
"adults",2
"urge",2
"lace",2
"shoes",2
"painting",2
"behr",2
"premium",2
"included",2
"color",2
"coats",2
"distress",2
"headache",2
"chores",2
"p",2
"cole",2
"lists",2
"sword",2
"iran",2
"nations",2
"hidden",2
"swindon",2
"behaviour",2
"normally",2
"associate",2
"yellow",2
"window",2
"surprise",2
"raising",2
"cleaning",2
"standards",2
"beds",2
"taught",2
"beat",2
"disease",2
"broads",2
"manmade",2
"research",2
"nationally",2
"dug",2
"changes",2
"basis",2
"carrot",2
"lunch",2
"plus",2
"chocolate",2
"enjoyable",2
"tight",2
"criminal",2
"wants",2
"sign",2
"fit",2
"setting",2
"shop",2
"extent",2
"suspected",2
"grace",2
"stayed",2
"holiness",2
"chances",2
"win",2
"background",2
"echo",2
"size",2
"digital",2
"prior",2
"zone",2
"paragon",2
"impossible",2
"review",2
"children's",2
"print",2
"market",2
"interested",2
"specialist",2
"member",2
"betty",2
"laugh",2
"smoke",2
"requested",2
"ramblings",2
"hands",2
"large",2
"requiro",2
"national",2
"symphony",2
"recital",2
"actively",2
"contemporary",2
"pierre",2
"cannot",2
"yours",2
"sxsw",2
"bands",2
"anxious",2
"miss",2
"there's",2
"wander",2
"pissed",2
"eyed",2
"pretend",2
"ancient",2
"trust",2
"eaten",2
"odd",2
"prank",2
"bestman",2
"chased",2
"thankfully",2
"girls",2
"hero",2
"circumstances",2
"southend",2
"lends",2
"snobs",2
"fish",2
"creative",2
"types",2
"apple",2
"gonna",2
"content",2
"chains",2
"approval",2
"tea",2
"journals",2
"we'll",2
"palestinian",2
"propaganda",2
"narrative",2
"appears",2
"throwing",2
"senior",2
"video",2
"pay",2
"pride",2
"foreign",2
"envelopes",2
"british",2
"cold",2
"purchased",2
"extra",2
"withstand",2
"generous",2
"disabled",2
"poverty",2
"burden",2
"waste",2
"drug",2
"programming",2
"paying",2
"tv",2
"coffee",2
"mornings",2
"conference",2
"result",2
"breathe",2
"pulse",2
"mike",2
"publicity",2
"covers",2
"hang",2
"ryan",2
"assistant",2
"editor",2
"feature",2
"pot",2
"lessons",2
"bloody",2
"scratch",2
"surface",2
"recording",2
"hatred",2
"cheesecake",2
"eat",2
"basil",2
"trusted",2
"chef",2
"blessing",2
"act",2
"finishing",2
"farmers",2
"planting",2
"merely",2
"deeper",2
"acid",2
"production",2
"becomes",2
"ok",2
"directly",2
"details",2
"television",2
"regarded",2
"biggest",2
"suddenly",2
"adult",2
"toddler",2
"frankly",2
"appreciated",2
"features",2
"motion",2
"model",2
"consistent",2
"narrowed",2
"stronger",2
"films",2
"genji",2
"fighting",2
"equally",2
"anglo",2
"fellow",2
"sq",2
"metres",2
"per",2
"rates",2
"irish",2
"phase",2
"grateful",2
"comment",2
"won't",2
"tips",2
"goldie",2
"noticed",2
"interact",2
"rant",2
"january",2
"cost",2
"question",2
"answer",2
"healing",2
"mom's",2
"lead",2
"est",2
"y",2
"un",2
"mail",2
"pray",2
"testimonies",2
"commonly",2
"freely",2
"seconds",2
"midst",2
"holy",2
"spirit",2
"connection",2
"leaving",2
"iron",2
"march",2
"threat",2
"established",2
"totally",2
"cares",2
"losing",2
"dom",2
"road",2
"visiting",2
"affected",2
"paris",2
"stores",2
"trench",2
"accepted",2
"fitting",2
"decide",2
"nine",2
"grave",2
"india",2
"familys",2
"orde",2
"expansion",2
"communism",2
"asia",2
"highly",2
"shore",2
"comprised",2
"view",2
"kill",2
"today's",2
"trek",2
"mug",2
"facebook",2
"packet",2
"gummy",2
"precise",2
"held",2
"ordered",2
"sim",2
"ironically",2
"wave",2
"missiles",2
"destroyed",2
"moments",2
"costumed",2
"drunk",2
"gin",2
"flask",2
"expected",2
"largely",2
"significant",2
"method",2
"practically",2
"science",2
"fuse",2
"blogging",2
"celebrate",2
"bread",2
"challenge",2
"umbrella",2
"pm",2
"rojas",2
"target",2
"file",2
"attacked",2
"avengers",2
"worthy",2
"proudly",2
"cinco",2
"contributions",2
"holiday",2
"rich",2
"soil",2
"industry",2
"services",2
"alan",2
"ball",2
"leg",2
"sitting",2
"england",2
"failure",2
"germany",2
"cheating",2
"skull",2
"cellphone",2
"answered",2
"lets",2
"herself",2
"animals",2
"cities",2
"concept",2
"whats",2
"rushed",2
"rittenhouse",2
"sandy",2
"shouted",2
"climbing",2
"porch",2
"bike",2
"arrived",2
"watched",2
"crew",2
"currantc",2
"currants",2
"nectar",2
"healthy",2
"touch",2
"pushing",2
"immediately",2
"remembered",2
"sprinkle",2
"matters",2
"guide",2
"ends",2
"following",2
"drama",2
"deserted",2
"shadows",2
"strangers",2
"movement",2
"revealed",2
"antonioni",2
"meaning",2
"sequence",2
"law",2
"total",2
"couldn't",2
"shut",2
"tanner",2
"habit",2
"table",2
"trick",2
"american",2
"manages",2
"waters",2
"growing",2
"cholera",2
"claimed",2
"demand",2
"release",2
"barely",2
"challenges",2
"theory",2
"expert",2
"testing",2
"favourite",2
"pieces",2
"thanksgiving",2
"baltimore",2
"vacant",2
"program",2
"extremely",2
"selling",2
"occupancy",2
"reserve",2
"weve",2
"trip",2
"heerenveen",2
"storm",2
"plenty",2
"cg",2
"d",2
"joy",2
"austin",2
"fully",2
"realize",2
"ready",2
"willing",2
"burritos",2
"bake",2
"selfpublishing",2
"brief",2
"join",2
"fights",2
"politicians",2
"memories",2
"capsicum",2
"grated",2
"zucchini",2
"lovely",2
"sent",2
"gas",2
"absolutely",2
"fancy",2
"ink",2
"hunger",2
"fathers",2
"neglect",2
"specific",2
"laissezfaire",2
"greatest",2
"separation",2
"economics",2
"reasons",2
"achieve",2
"district",2
"creations",2
"deep",2
"posting",2
"prepared",2
"retired",2
"optional",2
"worlds",2
"delta",2
"rugby",2
"sponsorship",2
"highlanders",2
"b",2
"calling",2
"partners",2
"anger",2
"core",2
"taxi",2
"minute",2
"driver",2
"released",2
"gurney",2
"cue",2
"escape",2
"jacket",2
"particular",2
"leaf",2
"colors",2
"produced",2
"magical",2
"planet",2
"wars",2
"meteor",2
"idiotic",2
"involves",2
"questions",2
"ridiculous",2
"analysis",2
"stupid",2
"pitstops",2
"tends",2
"wing",2
"grown",2
"speak",2
"lies",2
"childless",2
"mommy",2
"harder",2
"addition",2
"jealous",2
"shitty",2
"smile",2
"kidman",2
"winning",2
"addicted",2
"runner",2
"skipped",2
"faus",2
"lancme",2
"lower",2
"concluded",2
"components",2
"lancmes",2
"personally",2
"photo",2
"disgusting",2
"caracole",2
"belgium",2
"brewery",2
"brasserie",2
"clinton",2
"wood",2
"stitching",2
"marker",2
"date",2
"treatment",2
"sunshine",2
"sound",2
"angels",2
"wings",2
"fake",2
"pattern",2
"championships",2
"tip",2
"teaching",2
"teach",2
"reactions",2
"terrific",2
"pictured",2
"exciting",2
"adding",2
"adorable",2
"passionate",2
"favorites",2
"hello",2
"jardin",2
"thermos",2
"bitter",2
"annoying",2
"throughout",2
"forms",2
"attempts",2
"distinguish",2
"hasnt",2
"ahead",2
"illness",2
"protection",2
"policy",2
"material",2
"seaweed",2
"sushi",2
"package",2
"clip",2
"soldiers",2
"fought",2
"received",2
"immigrants",2
"sequel",2
"spy",2
"amazon",2
"emergency",2
"strong",2
"likes",2
"priests",2
"seth",2
"evidenced",2
"suppose",2
"glimpse",2
"patients",2
"nurse",2
"finish",2
"phrasing",2
"dough",2
"recipe",2
"lemon",2
"muddled",2
"connect",2
"christ",2
"coaches",2
"jackson",2
"dry",2
"lager",2
"chicago",2
"marathon",2
"faster",2
"starts",2
"lake",2
"borrow",2
"accompanied",2
"eu",2
"european",2
"rules",2
"supplements",2
"raw",2
"customer",2
"amen",2
"divine",2
"assist",2
"victory",2
"marcus",2
"cds",2
"hugs",2
"sentiment",2
"hyemi",2
"exposition",2
"visual",2
"cryin'",2
"wild",2
"brewing",2
"stout",2
"confused",2
"occupy",2
"hound",2
"reginald",2
"revolting",2
"morsels",2
"swendsen",2
"entries",2
"kitten's",2
"entry",2
"rate",2
"improve",2
"woot",2
"tenant",2
"unverified",2
"adric",2
"duke",2
"saul",2
"frozen",2
"puffyshirt",2
"grows",2
"roots",2
"baking",2
"sheet",2
"thereafter",1
"platforms",1
"pagan",1
"gods",1
"chad",1
"holding",1
"skylander",1
"xbox",1
"kyan",1
"cashed",1
"piggy",1
"taps",1
"lola",1
"loves",1
"nancy",1
"whipped",1
"occasion",1
"stamped",1
"memento",1
"tuxedo",1
"nestabilities",1
"embossed",1
"kraft",1
"cardstock",1
"te's",1
"stars",1
"plate",1
"sided",1
"patterns",1
"plates",1
"tutorial",1
"taylor",1
"created",1
"machine",1
"embossing",1
"kit",1
"argument",1
"brusquely",1
"laurelwood",1
"names",1
"halfdozen",1
"foot",1
"cantab",1
"afforded",1
"joints",1
"twins",1
"separated",1
"pretense",1
"imitated",1
"approximated",1
"ordinariness",1
"schiff",1
"loss",1
"individual",1
"blame",1
"dealing",1
"enroute",1
"cornwall",1
"slog",1
"sea",1
"cancel",1
"bills",1
"retreat",1
"leeds",1
"promise",1
"millies",1
"nowhere",1
"effect",1
"lancing",1
"indoor",1
"pitch",1
"dome",1
"utilised",1
"appropriate",1
"safeguard",1
"skies",1
"adjacent",1
"unknowing",1
"transformers",1
"fairytale",1
"astounding",1
"marshals",1
"phenomenal",1
"cheery",1
"supportive",1
"owing",1
"supporters",1
"skip",1
"recommended",1
"chasing",1
"neighbors",1
"adopted",1
"unc",1
"colorful",1
"georgia",1
"sayings",1
"memorable",1
"orphan",1
"mute",1
"killed",1
"loser",1
"custodial",1
"parent",1
"obamacongress",1
"likely",1
"announces",1
"populated",1
"obama",1
"et",1
"al",1
"submit",1
"midsized",1
"tens",1
"thousands",1
"atomic",1
"bombs",1
"wwii",1
"beginnings",1
"firstly",1
"exams",1
"graduating",1
"weird",1
"degree",1
"secondly",1
"nervewrecking",1
"progress",1
"picked",1
"fellowship",1
"tolkien",1
"liberties",1
"concerning",1
"master",1
"postpone",1
"virginia",1
"woolf",1
"returning",1
"howie",1
"staring",1
"cheering",1
"dmae",1
"firming",1
"toning",1
"facial",1
"contours",1
"antiinflammatory",1
"therapiesvitamin",1
"ester",1
"patented",1
"improves",1
"firmness",1
"elasticity",1
"diminishes",1
"wrinkles",1
"discoloration",1
"imparts",1
"radiant",1
"luminous",1
"salesman",1
"curled",1
"scarred",1
"trusting",1
"tis",1
"gauteng",1
"grant",1
"ruling",1
"singing",1
"unconstitutional",1
"fitted",1
"incitement",1
"companyorganised",1
"partook",1
"luncheon",1
"vouchers",1
"shays",1
"prepare",1
"fillets",1
"flattening",1
"'roll",1
"up'",1
"nonfiction",1
"appeared",1
"reviews",1
"magazine",1
"featured",1
"newsweek",1
"usa",1
"npr",1
"sickening",1
"pricklewood",1
"mccoy",1
"carpet",1
"grasped",1
"armchair",1
"lifted",1
"foregoing",1
"factors",1
"bskybs",1
"movers",1
"dealor",1
"shape",1
"bskyb",1
"buyer",1
"projects",1
"hop",1
"complaining",1
"daughters",1
"gallivanting",1
"hmmm",1
"instruments",1
"zither",1
"euphonium",1
"harmonium",1
"nose",1
"flute",1
"partch",1
"truax",1
"life's",1
"bash",1
"truax's",1
"superior",1
"t",1
"ketchup",1
"consisting",1
"purdie",1
"drums",1
"artie",1
"butler",1
"organ",1
"mack",1
"salter",1
"bass",1
"funky",1
"sounding",1
"sloppy",1
"vibe",1
"relaxed",1
"poppy",1
"aboutwell",1
"chorus",1
"spot",1
"gathered",1
"temper",1
"unfortunate",1
"tendency",1
"overearnestness",1
"naked",1
"fool",1
"tapping",1
"reservations",1
"groupie",1
"bound",1
"soaring",1
"lyrics",1
"mesh",1
"eclipsed",1
"bandcheck",1
"jazzpsychedelic",1
"tangents",1
"channel",1
"sammy",1
"comic",1
"unrealistic",1
"expectations",1
"wading",1
"pfftshite",1
"prove",1
"proved",1
"unfounded",1
"residential",1
"industrial",1
"redevelopment",1
"authoritys",1
"ura",1
"guidelines",1
"impact",1
"propertys",1
"corridor",1
"reluctant",1
"suitcase",1
"bobbed",1
"path",1
"blakeman",1
"ingle",1
"napped",1
"studio",1
"tired",1
"explains",1
"awake",1
"worryill",1
"shortly",1
"shower",1
"harmful",1
"consequences",1
"socialised",1
"anywhere",1
"pajamas",1
"pajahmas",1
"disliking",1
"developed",1
"dislike",1
"foods",1
"pickled",1
"raiders",1
"trimesterand",1
"possibly",1
"rm",1
"familiar",1
"gardel's",1
"audience",1
"widely",1
"inaccessible",1
"routine",1
"culture",1
"gardel",1
"dia",1
"que",1
"quieras",1
"grandmother's",1
"relations",1
"bizet's",1
"au",1
"du",1
"temple",1
"saint",1
"praydavid",1
"smithers",1
"screwball",1
"critic",1
"trouble",1
"paradise",1
"example",1
"deco",1
"mme",1
"colet",1
"gowns",1
"banton",1
"bikini",1
"wanderin'",1
"folksmen",1
"puppet",1
"toy",1
"tom",1
"specs",1
"piccy",1
"flickr",1
"economists",1
"admission",1
"rba",1
"misread",1
"failing",1
"recognize",1
"record",1
"mininginvestment",1
"boom",1
"bulk",1
"experiencing",1
"nearrecessionary",1
"conditions",1
"pc",1
"latte",1
"lite",1
"cartridge",1
"whew",1
"rising",1
"fares",1
"increased",1
"surcharges",1
"milky",1
"applies",1
"emulsion",1
"spreading",1
"begins",1
"sa",1
"dirt",1
"wash",1
"lukewarm",1
"skin",1
"corinthians",1
"jethro",1
"yourselves",1
"moses",1
"bottleneck",1
"dysfunction",1
"wasting",1
"funerals",1
"lifetime",1
"fortunately",1
"holds",1
"pen",1
"ignored",1
"sets",1
"revisions",1
"clarifying",1
"thread",1
"rambling",1
"directions",1
"mastered",1
"shine",1
"studied",1
"glitter",1
"sept",1
"editing",1
"rachel",1
"copyeditor",1
"davinci",1
"gourmet",1
"classic",1
"cinnamon",1
"danced",1
"fluffy",1
"tasty",1
"frightful's",1
"baron",1
"weasel",1
"caroline",1
"saunders",1
"kettle",1
"capture",1
"faucet",1
"captured",1
"smiled",1
"qi",1
"gold",1
"len",1
"woodbyrne",1
"range",1
"prefers",1
"length",1
"management",1
"happening",1
"threatening",1
"peaceful",1
"approaching",1
"realities",1
"decades",1
"profitoverallelse",1
"mentality",1
"undeniable",1
"confronting",1
"retrospect",1
"democraticallyminded",1
"considered",1
"require",1
"widespread",1
"civil",1
"disobedience",1
"environmental",1
"countries",1
"realise",1
"thief",1
"originate",1
"pace",1
"fastpaced",1
"convoluted",1
"throw",1
"haiku",1
"festivities",1
"continued",1
"shadowbox",1
"garden",1
"ya",1
"finale",1
"crop",1
"host",1
"grabs",1
"arm",1
"yanks",1
"slam",1
"thud",1
"bones",1
"knocks",1
"stumble",1
"fold",1
"sams",1
"sweatshirt",1
"contest",1
"frigging",1
"kidding",1
"fg",1
"castrate",1
"alyssa",1
"volleyball",1
"girlscouts",1
"conferences",1
"hopes",1
"repainted",1
"bedding",1
"stuffbut",1
"guesswe",1
"cherish",1
"weekends",1
"sports",1
"coat",1
"buttonup",1
"shirt",1
"khaki",1
"slacks",1
"leather",1
"loafers",1
"wore",1
"tailored",1
"low",1
"numbers",1
"rocketed",1
"memorial",1
"helen's",1
"hills",1
"colleagues",1
"pleased",1
"closeddown",1
"william",1
"jolle",1
"thriving",1
"wetherspoons",1
"establishment",1
"opposite",1
"metamorphosed",1
"namaste",1
"lounge",1
"burner",1
"crystal",1
"cared",1
"steel",1
"blue",1
"stare",1
"softly",1
"tim",1
"cc",1
"pilots",1
"takeoff",1
"headed",1
"aber",1
"topnotch",1
"triple",1
"digits",1
"volunteers",1
"exceptional",1
"flawlessly",1
"efficient",1
"prusaitis",1
"award",1
"ceremony",1
"trinket",1
"outoftown",1
"squash",1
"arrange",1
"greens",1
"goat",1
"prosciutto",1
"liking",1
"morgan",1
"tsvangirai",1
"zimbabwean",1
"presidency",1
"violence",1
"continuing",1
"constituents",1
"tomatoes",1
"jalapenos",1
"cilantro",1
"lime",1
"pico",1
"gallo",1
"verde",1
"guacamole",1
"budgetfriendly",1
"avocado",1
"chiles",1
"kalabokisio",1
"puree",1
"invites",1
"cachememory",1
"register",1
"memorycomparatively",1
"l",1
"typically",1
"kbyte",1
"capacities",1
"independent",1
"instructions",1
"relieving",1
"mainmemory",1
"everlasting",1
"stoops",1
"fronts",1
"lamenting",1
"trolley",1
"grid",1
"eulogies",1
"agricultural",1
"howl",1
"dashing",1
"sophie",1
"fell",1
"selfabsorbed",1
"immature",1
"capable",1
"calcifer",1
"heres",1
"eggs",1
"noodles",1
"satisfying",1
"paula",1
"merrimack",1
"school's",1
"astonishing",1
"primate",1
"language",1
"symbols",1
"evolutionary",1
"responsibility",1
"viewers",1
"imbued",1
"astonishment",1
"excitement",1
"activating",1
"flourishing",1
"earths",1
"chunky",1
"bargainthe",1
"multi",1
"knit",1
"charity",1
"putting",1
"stocks",1
"inspiration",1
"hunt",1
"stylish",1
"cosy",1
"bargain",1
"versions",1
"skully",1
"pawing",1
"gagging",1
"reflected",1
"snapping",1
"tryin'",1
"dislodge",1
"jerky",1
"previous",1
"positions",1
"repeatedly",1
"psychological",1
"biased",1
"vietnam",1
"maps",1
"freak",1
"philosophy",1
"brooklyn",1
"begun",1
"licata",1
"lawyers",1
"bribed",1
"judges",1
"crooked",1
"bankers",1
"engaging",1
"mortgage",1
"outright",1
"theft",1
"slows",1
"resume",1
"september",1
"devote",1
"ingredients",1
"assignment",1
"select",1
"describes",1
"sounded",1
"fashion",1
"dwelling",1
"badges",1
"teacher",1
"friendyou",1
"prays",1
"questioned",1
"wordit",1
"isi",1
"exist",1
"died",1
"repressed",1
"responsibilities",1
"playgrounds",1
"relatively",1
"sedentary",1
"hiking",1
"cheap",1
"deny",1
"gain",1
"enjoyment",1
"discusses",1
"cabinets",1
"commercials",1
"primes",1
"priming",1
"paints",1
"primer",1
"depot",1
"beluga",1
"painted",1
"sanding",1
"lightly",1
"thrilled",1
"stool",1
"heartache",1
"sander",1
"darker",1
"tinted",1
"glaze",1
"watered",1
"acrylic",1
"sanded",1
"spots",1
"darken",1
"areas",1
"furioso",1
"dreadnought",1
"meyerman",1
"voracious",1
"reader",1
"teenager",1
"settled",1
"victor",1
"university",1
"datamining",1
"programs",1
"abusers",1
"enemies",1
"targeting",1
"described",1
"efad",1
"networks",1
"intensive",1
"scrutiny",1
"ostensibly",1
"undefined",1
"terrorist",1
"threats",1
"understood",1
"twoedged",1
"facilitated",1
"arab",1
"syria",1
"egypt",1
"saudi",1
"arabia",1
"obscure",1
"bloggers",1
"drag",1
"torture",1
"cells",1
"girlfriends",1
"notoriously",1
"rundown",1
"riddled",1
"unemployment",1
"antisocial",1
"crossed",1
"logged",1
"field",1
"purple",1
"glow",1
"vote",1
"labour",1
"stronghold",1
"bittersweet",1
"adapted",1
"laurie",1
"sharon's",1
"momand",1
"slipped",1
"sweeping",1
"wiping",1
"picking",1
"toys",1
"cooking",1
"hanging",1
"seventeen",1
"wasted",1
"repent",1
"cancer",1
"foolishly",1
"norfolk",1
"uk's",1
"wetland",1
"formed",1
"peat",1
"option",1
"asfaw",1
"dingamo",1
"ethiopias",1
"resources",1
"juices",1
"breakfast",1
"chilled",1
"spiced",1
"soup",1
"nut",1
"milk",1
"legs",1
"filed",1
"lawsuit",1
"bundesbank",1
"accusing",1
"disguising",1
"scale",1
"risk",1
"citizens",1
"geli",1
"vapours",1
"harsh",1
"anytime",1
"yesterdays",1
"posts",1
"wake",1
"semitruck",1
"dd",1
"onim",1
"froze",1
"devising",1
"iraq",1
"shurqat",1
"alqaeda",1
"attack",1
"faith",1
"righteous",1
"overcame",1
"shrink",1
"okay",1
"formula",1
"additional",1
"entered",1
"bouquet",1
"robins",1
"park's",1
"springtime",1
"pack",1
"resize",1
"import",1
"stamp",1
"apply",1
"transitional",1
"veterans",1
"campus",1
"roommate",1
"youll",1
"sooner",1
"davy",1
"crockett",1
"rattlesnake",1
"negative",1
"aura",1
"downright",1
"armadillo",1
"barn",1
"owl",1
"ann",1
"exteacher",1
"believed",1
"passionately",1
"increasingly",1
"plentiful",1
"pardon",1
"heehee",1
"pendragon",1
"birth",1
"increase",1
"decrease",1
"pool",1
"seeing",1
"draper",1
"mad",1
"emily",1
"bff",1
"degrees",1
"brimstone",1
"preacher",1
"parnham",1
"stable",1
"whereby",1
"christianity",1
"nefarious",1
"tear",1
"clothes",1
"raunch",1
"pear",1
"cored",1
"cubes",1
"mangle",1
"soloed",1
"tokyo",1
"philharmonic",1
"orchestra",1
"seattle",1
"orchestras",1
"carnegie",1
"weill",1
"followed",1
"critically",1
"acclaimed",1
"san",1
"francisco",1
"herbst",1
"theatre",1
"kennedy",1
"completed",1
"beethovens",1
"sonatas",1
"phillips",1
"washington",1
"dc",1
"collaborated",1
"composers",1
"krzysztof",1
"penderecki",1
"sheng",1
"dutch",1
"premier",1
"jalberts",1
"sonata",1
"amsterdam",1
"biennale",1
"shannon",1
"stacey",1
"scouring",1
"roller",1
"coaster",1
"recorded",1
"crowds",1
"crappy",1
"mediocre",1
"kharma",1
"drunkest",1
"musicians",1
"kick",1
"gypsy",1
"kicks",1
"carving",1
"bark",1
"tree",1
"jeweler",1
"bent",1
"replacing",1
"diamond",1
"assured",1
"finger",1
"throat",1
"mile",1
"mouthed",1
"duck",1
"ducked",1
"smashed",1
"tackling",1
"bridebff",1
"weddings",1
"sweets",1
"excited",1
"concerned",1
"luckiest",1
"fortunate",1
"toronto",1
"farm",1
"hibiscus",1
"aguas",1
"fresca",1
"ain't",1
"fat",1
"sings",1
"kelly",1
"rowan's",1
"tribulations",1
"polygamist",1
"sect",1
"sucker",1
"polygamy",1
"discover",1
"tub",1
"virtually",1
"spotless",1
"shock",1
"smartest",1
"stella",1
"telleria",1
"suffered",1
"reputation",1
"downmarket",1
"funfair",1
"atmosphere",1
"credence",1
"persuading",1
"chips",1
"arcades",1
"chink",1
"tills",1
"removes",1
"concerns",1
"nightcrawler",1
"retorts",1
"tech",1
"advertising",1
"ipods",1
"cameras",1
"laptops",1
"assumed",1
"flog",1
"million",1
"stands",1
"amongst",1
"charging",1
"enormous",1
"upfront",1
"sums",1
"leases",1
"nerve",1
"rent",1
"premises",1
"dictate",1
"lessor",1
"specification",1
"publican",1
"allowed",1
"decorate",1
"hostess",1
"appreciation",1
"schedule",1
"creativity",1
"guests",1
"teas",1
"scones",1
"quiche",1
"incidents",1
"rearrange",1
"israeli",1
"aggressor",1
"brass",1
"israels",1
"restraint",1
"bus",1
"alas",1
"chief",1
"benny",1
"gantz",1
"benjamin",1
"netanyahu",1
"condemned",1
"officer",1
"selectively",1
"edited",1
"tube",1
"foolish",1
"phoebe",1
"finds",1
"aimed",1
"olds",1
"makers",1
"madam",1
"sink",1
"ship",1
"steward",1
"titanic",1
"lesson",1
"jane",1
"odiwe",1
"noticing",1
"effected",1
"simba",1
"lion",1
"echoing",1
"forgotten",1
"tohis",1
"identity",1
"responsive",1
"lands",1
"perspective",1
"ultimately",1
"independently",1
"moms",1
"parenthood",1
"grandparents",1
"nearby",1
"focus",1
"handle",1
"stack",1
"attorney",1
"sailor",1
"expletives",1
"combination",1
"hairy",1
"ballsack",1
"wrinkly",1
"trade",1
"experiment",1
"combinations",1
"iceland",1
"unseasonably",1
"iceland's",1
"n",1
"coldness",1
"amplified",1
"vary",1
"siblings",1
"shelby's",1
"stocking",1
"brushes",1
"ni",1
"dla",1
"pa",1
"motorbility",1
"rail",1
"warrant",1
"hotels",1
"expense",1
"account",1
"dignity",1
"belief",1
"stricken",1
"guilty",1
"attempted",1
"worthless",1
"anybody",1
"addicts",1
"needing",1
"compassion",1
"informed",1
"derek",1
"benyon",1
"leicestershire",1
"sick",1
"cancelled",1
"escalating",1
"costs",1
"disgust",1
"indulged",1
"smut",1
"bachelor",1
"trainwreck",1
"factor",1
"passes",1
"chilly",1
"neonatologist",1
"issues",1
"prematurity",1
"nicu",1
"ox",1
"disrespectful",1
"melvoin",1
"penned",1
"tunes",1
"considerable",1
"talents",1
"february",1
"basse",1
"compared",1
"critics",1
"albums",1
"mel",1
"torme",1
"ray",1
"closer",1
"connick",1
"sparkle",1
"wit",1
"mushrooms",1
"carrots",1
"stir",1
"soften",1
"slightly",1
"delirious",1
"lock",1
"draw",1
"curtains",1
"insane",1
"escapades",1
"newsroom",1
"arts",1
"publication",1
"cannibals",1
"postapartheid",1
"bears",1
"polemic",1
"respects",1
"totems",1
"taboos",1
"faithful",1
"cried",1
"chronicled",1
"victims",1
"woman",1
"pull",1
"attackers",1
"hysterical",1
"scream",1
"location",1
"ford",1
"churchill",1
"antikenyan",1
"procolonialist",1
"anymore",1
"kristien",1
"meal",1
"marscapone",1
"served",1
"strawberries",1
"amuse",1
"bouche",1
"arik",1
"blow",1
"dessert",1
"creaminess",1
"ribbons",1
"bursts",1
"mary",1
"paired",1
"muscat",1
"rurtherglen",1
"overly",1
"matted",1
"circles",1
"punches",1
"scallop",1
"punch",1
"caleb",1
"desire",1
"proverbs",1
"applicable",1
"beam",1
"kinds",1
"handing",1
"gardeners",1
"sowing",1
"handfuls",1
"planted",1
"crowding",1
"alkalinity",1
"vibrant",1
"fruitful",1
"harvest",1
"failures",1
"learns",1
"experienced",1
"achieves",1
"fruitfulness",1
"persevered",1
"y'all",1
"ja",1
"shamefully",1
"meeting",1
"simon",1
"schuster",1
"agent",1
"luigi",1
"bonomi",1
"detailed",1
"covenant",1
"utterly",1
"'tailoff'",1
"maintaining",1
"book's",1
"prominent",1
"placing",1
"shelves",1
"sorts",1
"involving",1
"adverts",1
"posters",1
"supermarket",1
"promotions",1
"immense",1
"launch",1
"campaigns",1
"multitasker",1
"mamaear",1
"attuned",1
"cry",1
"appealing",1
"epicycles",1
"deferents",1
"retrograde",1
"reasonably",1
"accurate",1
"predictions",1
"ptolemaic",1
"celestial",1
"observations",1
"butwell",1
"ahh",1
"restless",1
"rindaman",1
"hahahah",1
"oneonone",1
"maximum",1
"enduring",1
"jacob",1
"zuma",1
"speech",1
"thunderous",1
"slogan",1
"amandla",1
"crowd",1
"deafening",1
"ngawethu",1
"dundrum",1
"built",1
"longford",1
"liam",1
"maye",1
"site",1
"reportedly",1
"reported",1
"contribute",1
"annum",1
"dunlaoghairerathdown",1
"county",1
"footfall",1
"visitors",1
"suburbs",1
"authorities",1
"backdrop",1
"painless",1
"forever",1
"anonymously",1
"sake",1
"gasoline",1
"retail",1
"marketing",1
"sunoco",1
"inc",1
"apr",1
"counting",1
"spoken",1
"blown",1
"weren't",1
"diligent",1
"prompting",1
"repeated",1
"sentence",1
"performer",1
"developmentally",1
"normal",1
"routines",1
"topic",1
"rave",1
"owners",1
"meter",1
"calibrated",1
"calibration",1
"covered",1
"ownerbroker",1
"shouldnt",1
"dbkl",1
"attending",1
"subcontracted",1
"duties",1
"earnings",1
"hindrances",1
"receiving",1
"diapers",1
"tattered",1
"scattered",1
"inspires",1
"cuando",1
"lista",1
"puesta",1
"si",1
"estais",1
"ella",1
"mandais",1
"para",1
"confirmar",1
"encargo",1
"email",1
"barra",1
"lateral",1
"seccin",1
"contacto",1
"contestar",1
"correos",1
"tan",1
"rpido",1
"como",1
"pueda",1
"knowing",1
"granting",1
"privilege",1
"decree",1
"afternoons",1
"evenings",1
"dwell",1
"testify",1
"saints",1
"receive",1
"amentimes",1
"thee",1
"sickos",1
"nonmotivated",1
"bored",1
"thursday",1
"humping",1
"fifty",1
"collected",1
"items",1
"saturday",1
"liz",1
"hazell",1
"walsall",1
"branch",1
"treasurer",1
"albert",1
"graham",1
"duffen",1
"birmingham",1
"skegness",1
"uplifting",1
"heshe",1
"worst",1
"nearly",1
"diversions",1
"roadworks",1
"unplanned",1
"breaks",1
"heros",1
"sidekick",1
"caffeine",1
"nicotine",1
"topup",1
"loading",1
"gear",1
"crate",1
"tailend",1
"hurricane",1
"northern",1
"britain",1
"beware",1
"winds",1
"drivers",1
"boutiques",1
"locationminneapolis",1
"vegas",1
"dallas",1
"burberry",1
"fluid",1
"ensuing",1
"discussion",1
"tryons",1
"assistant's",1
"professionally",1
"handledmy",1
"cupid's",1
"singingit",1
"remains",1
"companions",1
"disinterred",1
"agreement",1
"personnel",1
"sacred",1
"plantation",1
"confederate",1
"robert",1
"e",1
"lee",1
"arlington",1
"cemetery",1
"rest",1
"honors",1
"occupied",1
"frightening",1
"soviet",1
"forces",1
"speaks",1
"volumes",1
"spacious",1
"trails",1
"wooded",1
"parks",1
"secluded",1
"evening",1
"hooky",1
"dvd's",1
"buying",1
"blockbusters",1
"dresser",1
"complicated",1
"dressbustle",1
"bridesmaid",1
"floorin",1
"dressto",1
"bustle",1
"reception",1
"jim",1
"discloses",1
"infant",1
"bodies",1
"buddhist",1
"ceremonial",1
"fabrics",1
"stacked",1
"garrow",1
"clues",1
"veracity",1
"reenforce",1
"chinese",1
"unwanted",1
"daughter's",1
"wholesale",1
"verifiable",1
"contrary",1
"overview",1
"libel",1
"accusations",1
"fetus",1
"legend",1
"busted",1
"eskeptic",1
"yearold",1
"tenforward",1
"enterprise",1
"starship",1
"lame",1
"shares",1
"geekdom",1
"prosper",1
"outstanding",1
"candy",1
"cherries",1
"osaka",1
"minami",1
"festa",1
"benediction",1
"roses",1
"deb",1
"exhusband",1
"organised",1
"whilst",1
"standing",1
"o",1
"rang",1
"hung",1
"removing",1
"battery",1
"oops",1
"contact",1
"whoopee",1
"revised",1
"layout",1
"armed",1
"emp",1
"warheads",1
"unleash",1
"devastating",1
"shockwave",1
"electronics",1
"shot",1
"missile",1
"capital",1
"milliseconds",1
"electromagnetic",1
"offline",1
"reduced",1
"rubble",1
"screamed",1
"toward",1
"telaviv",1
"amy",1
"conduct",1
"drunken",1
"enactment",1
"annie",1
"theater",1
"tonics",1
"ditto",1
"sadly",1
"extant",1
"photographs",1
"hannigan",1
"wig",1
"bra",1
"mardi",1
"gras",1
"beads",1
"perform",1
"impromptu",1
"'s",1
"musical",1
"prop",1
"acting",1
"jerry",1
"wider",1
"significance",1
"sphere",1
"diversity",1
"innovation",1
"permaculture",1
"marginal",1
"ecomovement",1
"hippies",1
"quietly",1
"woods",1
"harvesting",1
"composting",1
"poo",1
"gaining",1
"mainstream",1
"anniversary",1
"ashamed",1
"candles",1
"tender",1
"loaf",1
"buttercream",1
"announcing",1
"winner",1
"amanda's",1
"gd",1
"gentle",1
"tug",1
"swollen",1
"lips",1
"confirms",1
"vain",1
"gyaru",1
"lol",1
"reflecting",1
"bosses",1
"trait",1
"image",1
"supervision",1
"boss",1
"lmn",1
"steady",1
"raymundo",1
"eli",1
"ren",1
"unfamiliar",1
"education",1
"lb",1
"scoff",1
"stepsons",1
"fpu",1
"charges",1
"parade",1
"moon",1
"splendor",1
"appointment",1
"hospital",1
"stilettos",1
"betrayed",1
"earth's",1
"mightiest",1
"bornto",1
"foes",1
"theffectual",1
"stevens",1
"argue",1
"columbus",1
"recognitionthan",1
"nicknamedthe",1
"melting",1
"germans",1
"oktoberfest",1
"patrick's",1
"mexicans",1
"demayo",1
"holidays",1
"sacrifice",1
"voluntarily",1
"overdue",1
"luther",1
"native",1
"congressmen",1
"women",1
"compost",1
"boys",1
"constantly",1
"encouraged",1
"snag",1
"workbooks",1
"drawing",1
"pads",1
"deckboss",1
"legislature",1
"lavishes",1
"aquaculture",1
"httpdeckbossblogspotcalegislaturelavishesaquaculturehtml",1
"donations",1
"interagency",1
"task",1
"departments",1
"homeless",1
"fixture",1
"broke",1
"midfielder",1
"countrys",1
"tour",1
"fa",1
"englands",1
"qualify",1
"finals",1
"west",1
"handwriting",1
"kinda",1
"obvious",1
"journal",1
"express",1
"hearts",1
"skill",1
"root",1
"motor",1
"eight",1
"verbalizing",1
"answers",1
"severe",1
"pains",1
"pressuresnot",1
"headaches",1
"affixed",1
"steering",1
"wheel",1
"hook",1
"imagine",1
"reel",1
"em",1
"excerpt",1
"yep",1
"exercising",1
"tidying",1
"minding",1
"manners",1
"brushing",1
"retainers",1
"wired",1
"kamla",1
"unphased",1
"picong",1
"calypsoniansmaybe",1
"skinner",1
"suicide",1
"mirror",1
"wuthering",1
"slammed",1
"brakes",1
"surveyed",1
"hardly",1
"momentarily",1
"overwhelmed",1
"sights",1
"dorsey",1
"aid",1
"rode",1
"avenue",1
"block",1
"fiveyear",1
"stairs",1
"pounded",1
"screen",1
"leaped",1
"yelling",1
"frantically",1
"struggled",1
"racehorse",1
"sons",1
"necklacej",1
"factory",1
"featuring",1
"basket",1
"brand",1
"coulis",1
"fragrant",1
"candle",1
"dried",1
"malice",1
"afoot",1
"generally",1
"allies",1
"culturally",1
"historically",1
"exclusion",1
"segregation",1
"intended",1
"artificial",1
"rift",1
"historical",1
"symbiosis",1
"unashamedly",1
"antibritish",1
"regime",1
"bravely",1
"pram",1
"chat",1
"showed",1
"ex",1
"married",1
"recovered",1
"breakdown",1
"bersih",1
"garment",1
"gently",1
"seed",1
"technique",1
"strategy",1
"inward",1
"journeyed",1
"laying",1
"paws",1
"michelangelo",1
"antonionis",1
"leclisse",1
"guard",1
"disoriented",1
"string",1
"desolate",1
"shots",1
"progression",1
"shown",1
"seven",1
"disappeared",1
"anonymous",1
"apparatus",1
"seeingdevice",1
"acts",1
"entity",1
"panning",1
"surveying",1
"trees",1
"rustle",1
"suit",1
"rounds",1
"mans",1
"earlobe",1
"stream",1
"flows",1
"gutter",1
"streetlamp",1
"brightly",1
"crescendos",1
"elegance",1
"professor",1
"lecturer",1
"they've",1
"doozy",1
"backyard",1
"tee",1
"box",1
"golf",1
"sat",1
"golfers",1
"passing",1
"cookies",1
"profit",1
"stoked",1
"shepard",1
"asleep",1
"pillow",1
"couch",1
"strange",1
"tourists",1
"quickly",1
"knock",1
"lapping",1
"spilled",1
"jack",1
"locals",1
"uncanny",1
"obnoxious",1
"whatever",1
"middleaged",1
"ie",1
"hobbies",1
"leisure",1
"rare",1
"slow",1
"intensity",1
"icedtea",1
"shirts",1
"terrace",1
"vacation",1
"locations",1
"imperatives",1
"equal",1
"packed",1
"collapsed",1
"sandcastle",1
"bucket",1
"spade",1
"fence",1
"acually",1
"weeds",1
"fenceno",1
"infected",1
"epidemic",1
"fueled",1
"collapse",1
"zimbabwes",1
"sanitation",1
"hospitals",1
"towns",1
"suffer",1
"sewers",1
"uncollected",1
"upcoming",1
"rainy",1
"infections",1
"occur",1
"sources",1
"contaminated",1
"arrested",1
"activists",1
"fastforward",1
"december",1
"risen",1
"trudging",1
"slush",1
"underneath",1
"scarves",1
"fog",1
"empty",1
"filled",1
"remnants",1
"slippery",1
"forcing",1
"papa",1
"november",1
"narrators",1
"beyond",1
"defencecalled",1
"forensic",1
"botanist",1
"prosecutions",1
"placed",1
"analytical",1
"chemistry",1
"vass",1
"chloroform",1
"gagaalike",1
"tears",1
"tripping",1
"hordes",1
"ticketstealer",1
"yeagers",1
"matrimonial",1
"union",1
"demonstrated",1
"lifelong",1
"friendship",1
"stitched",1
"camila",1
"pumpkins",1
"mantel",1
"cases",1
"detroit",1
"declined",1
"populations",1
"untapped",1
"potential",1
"rehabilitation",1
"direct",1
"valuable",1
"cheaply",1
"dollar",1
"spreads",1
"wealth",1
"expanding",1
"citys",1
"tax",1
"base",1
"properties",1
"rise",1
"owns",1
"building",1
"metropolitan",1
"banks",1
"solution",1
"homelessness",1
"key",1
"facilities",1
"greg",1
"freshwater",1
"tanks",1
"saltwater",1
"redid",1
"substrate",1
"washed",1
"decorations",1
"bulb",1
"additionsupgrades",1
"mark",1
"goldblatt",1
"equipment",1
"grownups",1
"netherlands",1
"downtown",1
"schoolers",1
"spark",1
"gm",1
"burnout",1
"disappointed",1
"pathfinder",1
"necromancer",1
"notified",1
"dressing",1
"halloween",1
"participate",1
"treat",1
"nip",1
"bolster",1
"h",1
"gh",1
"bc",1
"cd",1
"stassen",1
"accomplishes",1
"genocide",1
"factions",1
"entities",1
"peacekeeping",1
"rwandan",1
"patriotic",1
"interahamwe",1
"brevity",1
"drown",1
"emphasizes",1
"coaxed",1
"unfurling",1
"reaching",1
"stretching",1
"laughter",1
"spouse",1
"whine",1
"lau",1
"bing",1
"chen",1
"youtube",1
"creator",1
"managers",1
"dominic",1
"dating",1
"ups",1
"illusion",1
"perpetuated",1
"attachment",1
"erroneous",1
"perception",1
"mired",1
"attachments",1
"essence",1
"everywhere",1
"wise",1
"leader",1
"attained",1
"desired",1
"heat",1
"microwave",1
"thaw",1
"wrap",1
"foil",1
"badonkadonk",1
"conversations",1
"invited",1
"possum",1
"mousie",1
"happily",1
"conga",1
"anna",1
"facing",1
"vendetta",1
"corruption",1
"officials",1
"congolese",1
"treasure",1
"puke",1
"finances",1
"radical",1
"moves",1
"mire",1
"visits",1
"metrics",1
"traffic",1
"drives",1
"organic",1
"symptom",1
"rank",1
"warming",1
"pip",1
"smell",1
"sealed",1
"welcomin",1
"leasurely",1
"r",1
"preoccupied",1
"driving",1
"oddly",1
"cooling",1
"borlotti",1
"ragu",1
"soffritto",1
"celery",1
"adds",1
"sweetness",1
"thickens",1
"election",1
"spender",1
"joshua",1
"scheduled",1
"wednesday",1
"prayers",1
"peace",1
"joshua's",1
"sponge",1
"studying",1
"stripes",1
"inked",1
"cherry",1
"cobbler",1
"fucking",1
"angryangry",1
"sucks",1
"feed",1
"insatiable",1
"wrists",1
"lean",1
"usdjpy",1
"nnever",1
"lap",1
"socialism",1
"objective",1
"ayn",1
"rand",1
"philosopher",1
"pure",1
"uncontrolled",1
"unregulated",1
"capitalismwith",1
"sison",1
"greed",1
"selfinterest",1
"justification",1
"altruist",1
"represents",1
"capitalist",1
"achievement",1
"secondary",1
"consequence",1
"na",1
"certificate",1
"appropriateness",1
"historic",1
"ps",1
"vocabgrammar",1
"nonexistant",1
"blogs",1
"busyness",1
"stress",1
"themes",1
"honoured",1
"guest",1
"sharing",1
"banana",1
"sorrowful",1
"pointed",1
"mourn",1
"cuts",1
"cruel",1
"imperfect",1
"breastplate",1
"righteousness",1
"bear",1
"armor",1
"purifies",1
"seek",1
"husbands",1
"flesh",1
"stressing",1
"pledge",1
"sigur",1
"rs",1
"latest",1
"valtari",1
"mbeki",1
"southern",1
"community's",1
"mediator",1
"tasked",1
"six",1
"generals",1
"assess",1
"army's",1
"involvement",1
"chopped",1
"assorted",1
"nuts",1
"elder",1
"abuse",1
"exploitation",1
"dunedin",1
"councilowned",1
"infrastructure",1
"utility",1
"expanded",1
"executive",1
"shorts",1
"recommendable",1
"tartarus",1
"sonshine",1
"yards",1
"hallowe'en",1
"spookiness",1
"flashing",1
"pumpkin",1
"bowls",1
"'ghoul'",1
"lights",1
"wendy",1
"suitably",1
"evangelista",1
"tongue",1
"homosexuals",1
"chosen",1
"lively",1
"showy",1
"homosexualitys",1
"portrayal",1
"advocates",1
"appear",1
"funloving",1
"mirage",1
"interaction",1
"bookstore",1
"acquaintance",1
"onetime",1
"identified",1
"longerterm",1
"weekly",1
"counseling",1
"belowthesurface",1
"seething",1
"awesometastic",1
"lacylious",1
"alabama",1
"adopt",1
"hearing",1
"taka",1
"confernce",1
"google",1
"mapped",1
"wehre",1
"proceeded",1
"assertive",1
"shouldn't",1
"charged",1
"isaac",1
"strapped",1
"flee",1
"ward",1
"necromorphs",1
"corners",1
"burst",1
"ducts",1
"tied",1
"prompt",1
"instructs",1
"shoulder",1
"button",1
"conceit",1
"scaffolding",1
"trope",1
"powerless",1
"protagonist",1
"sothe",1
"maple",1
"wonder",1
"hickory",1
"producing",1
"sugar",1
"oxygen",1
"bandwagon",1
"george",1
"lucas",1
"geek",1
"adventures",1
"galaxy",1
"intergalactic",1
"rolling",1
"signing",1
"adventure",1
"nasa",1
"rockets",1
"desperate",1
"scientists",1
"fate",1
"mankind",1
"neame",1
"antistar",1
"existence",1
"existing",1
"hateful",1
"morally",1
"hate",1
"christians",1
"races",1
"mechanics",1
"adjustments",1
"stint",1
"communications",1
"engineer",1
"discuss",1
"cars",1
"balance",1
"oversteer",1
"understeer",1
"active",1
"technologies",1
"teams",1
"alter",1
"adjustment",1
"rear",1
"removal",1
"tyre",1
"pressures",1
"hectic",1
"theyve",1
"tbex",1
"session",1
"presented",1
"profession",1
"quixotic",1
"pursuit",1
"hobby",1
"gap",1
"boondoggle",1
"admittedly",1
"anyways",1
"professional",1
"juggle",1
"multiple",1
"destination",1
"kingdom",1
"obfuscation",1
"halfdenials",1
"admits",1
"horse",1
"loaned",1
"tabloid",1
"newspaper",1
"theme",1
"mum",1
"nostalgic",1
"hat",1
"pin",1
"velvet",1
"catalogue",1
"navy",1
"beautifully",1
"patchy",1
"margaret",1
"franks",1
"bump",1
"deployments",1
"conviction",1
"innate",1
"unified",1
"consciousness",1
"serve",1
"blogger",1
"advisor",1
"hardest",1
"raise",1
"ahole",1
"monumental",1
"importance",1
"village",1
"parenting",1
"actions",1
"astray",1
"youor",1
"groaning",1
"irene",1
"blast",1
"sometime",1
"luckily",1
"accustomed",1
"howling",1
"conclusion",1
"snookered",1
"activist",1
"breitbart",1
"believing",1
"harmed",1
"racial",1
"bias",1
"hips",1
"situations",1
"psalm",1
"porque",1
"su",1
"mano",1
"estn",1
"profundidades",1
"tierra",1
"alturas",1
"montes",1
"suyas",1
"depths",1
"heights",1
"mountains",1
"reads",1
"pitchperfect",1
"redhead",1
"lightened",1
"blonde",1
"ivory",1
"gown",1
"accentshomegirl",1
"listened",1
"fifteen",1
"training",1
"distances",1
"perfecting",1
"resolutions",1
"highlights",1
"tia",1
"pbsm",1
"slept",1
"heck",1
"stomachache",1
"wth",1
"insubordinate",1
"idle",1
"talkers",1
"deceivers",1
"circumcision",1
"commitment",1
"patience",1
"storms",1
"courage",1
"confront",1
"emotional",1
"demons",1
"slay",1
"advanced",1
"ceiling",1
"louis",1
"vuitton",1
"belongings",1
"stick",1
"physicalchemical",1
"perfumes",1
"unlikely",1
"coincidence",1
"exact",1
"ingredient",1
"cheaper",1
"substitute",1
"trsor",1
"component",1
"expertise",1
"denied",1
"nor",1
"accusation",1
"copying",1
"copied",1
"therefore",1
"violated",1
"copyrights",1
"milestone",1
"thirteen",1
"department",1
"importantly",1
"sale",1
"detecive",1
"comics",1
"roommates",1
"coughing",1
"honey",1
"wherever",1
"tough",1
"sneak",1
"gross",1
"residents",1
"inhabit",1
"located",1
"wallonia",1
"border",1
"falmignoul",1
"moussoux",1
"founded",1
"japanese",1
"bombed",1
"pearl",1
"harbor",1
"lamotte",1
"elected",1
"artisinal",1
"brews",1
"oldfashioned",1
"paperpierce",1
"evenly",1
"spaced",1
"worrying",1
"careful",1
"pierced",1
"closely",1
"tearing",1
"vanish",1
"cling",1
"statistics",1
"outcomes",1
"risks",1
"complications",1
"learnt",1
"chemicals",1
"pointless",1
"additives",1
"thickeners",1
"reduction",1
"neon",1
"synthetic",1
"creams",1
"dose",1
"zingy",1
"freshly",1
"examples",1
"physics",1
"abound",1
"utilize",1
"laws",1
"reproduce",1
"obtain",1
"frequency",1
"waves",1
"echolocate",1
"insects",1
"nightly",1
"forays",1
"encourages",1
"spread",1
"pollen",1
"forming",1
"echogenic",1
"fruiting",1
"portions",1
"marvelous",1
"whereas",1
"depicted",1
"giotto",1
"painters",1
"conscious",1
"albeit",1
"immobility",1
"allowing",1
"fidget",1
"classical",1
"form",1
"hyperrealistic",1
"unearthly",1
"subculture",1
"centered",1
"'no",1
"fear'",1
"feared",1
"gun",1
"wus",1
"intelligence",1
"you'll",1
"bred",1
"universally",1
"instinct",1
"procrastination",1
"continue",1
"intentions",1
"miscast",1
"accountant",1
"paperwork",1
"arent",1
"refund",1
"stellar",1
"housekeeper",1
"tidier",1
"examine",1
"motives",1
"molen",1
"cease",1
"desist",1
"abv",1
"champs",1
"jamaica",1
"california",1
"competition",1
"olympic",1
"note",1
"girlfriend",1
"talked",1
"benjaminwhom",1
"dedicated",1
"queries",1
"frustrated",1
"roswell",1
"monty",1
"pose",1
"extended",1
"sincere",1
"caring",1
"what's",1
"malls",1
"austria",1
"scales",1
"nationalist",1
"traitor",1
"enter",1
"coalition",1
"penny",1
"someones",1
"hs'ing",1
"peoples",1
"allone",1
"deserved",1
"majority",1
"educating",1
"people's",1
"collages",1
"precursors",1
"incorporating",1
"cigarette",1
"logos",1
"coined",1
"phrase",1
"moticos",1
"carried",1
"recycled",1
"snuff",1
"budget",1
"quilter",1
"resist",1
"allure",1
"wooden",1
"bobbins",1
"spools",1
"dealer",1
"assortment",1
"beehive",1
"bobbinsjust",1
"bobbin",1
"screenshot",1
"cdt",1
"fauxliday",1
"mayo",1
"tequila",1
"liquors",1
"belgian",1
"beers",1
"conquering",1
"difficulty",1
"boundaryline",1
"henri",1
"frederic",1
"amiel",1
"overprotective",1
"meg",1
"eric",1
"nonboyfriend",1
"swooning",1
"organizations",1
"cater",1
"specifically",1
"service",1
"travelminded",1
"retireeswhat",1
"beaten",1
"forecast",1
"threatens",1
"subside",1
"plan",1
"japonese",1
"zoologico",1
"freezing",1
"yerba",1
"mate",1
"carry",1
"argentina",1
"uruguay",1
"chile",1
"pkg",1
"snow",1
"peas",1
"canvas",1
"computer",1
"starcraft",1
"manager",1
"laptop",1
"sore",1
"losers",1
"riot",1
"grrrl",1
"developing",1
"graphics",1
"changing",1
"pngs",1
"causes",1
"rpgmaker",1
"frequently",1
"uses",1
"validate",1
"phenomenon",1
"conveyed",1
"users",1
"messages",1
"resound",1
"expose",1
"injustices",1
"occurring",1
"sandor",1
"vegh",1
"classifying",1
"cyberprotests",1
"hacking",1
"vs",1
"cyberterrorism",1
"topics",1
"discourse",1
"elaborates",1
"analyzing",1
"justified",1
"lieu",1
"hackercyberterrorist",1
"brave",1
"ebook",1
"exsouth",1
"conspiracy",1
"incredibly",1
"da",1
"mandela",1
"aspirations",1
"liberate",1
"inhabitants",1
"charter",1
"ideals",1
"mercy",1
"owes",1
"imf",1
"owe",1
"approximately",1
"billion",1
"employee",1
"hosing",1
"thru",1
"speaker",1
"awkward",1
"angle",1
"monitor",1
"tribeca",1
"cupcakes",1
"nuanced",1
"intense",1
"policies",1
"trifecta",1
"terminal",1
"critical",1
"insureds",1
"families",1
"indexed",1
"dollars",1
"buildup",1
"clients",1
"balk",1
"ltc",1
"index",1
"surrendered",1
"twisted",1
"demands",1
"surpass",1
"excel",1
"neighbour",1
"buddhism",1
"'material",1
"possessions",1
"soul'",1
"heidi",1
"piper",1
"tastes",1
"sheets",1
"mouths",1
"simultaneously",1
"healthier",1
"snack",1
"options",1
"credits",1
"justso",1
"walled",1
"buffalo",1
"stationed",1
"monument",1
"corporal",1
"graves",1
"apaches",1
"medal",1
"glasses",1
"chalkboards",1
"labeling",1
"floral",1
"vines",1
"chalkboard",1
"pisses",1
"christian",1
"polish",1
"workers",1
"noneuropean",1
"caribbean",1
"politically",1
"kicked",1
"protesting",1
"hustle",1
"approved",1
"curry",1
"movies",1
"cairo",1
"nest",1
"spies",1
"rio",1
"spoofs",1
"starring",1
"delightful",1
"jean",1
"dujardin",1
"actor",1
"oscar",1
"artist",1
"hopelessly",1
"hilariously",1
"bigoted",1
"afraid",1
"retailers",1
"shippinghandling",1
"newegg",1
"price",1
"shipping",1
"association",1
"poison",1
"centers",1
"launched",1
"nationwide",1
"tollfree",1
"hotline",1
"prevention",1
"poisonings",1
"poisoning",1
"contacted",1
"najib",1
"sarawak",1
"sabah",1
"pbs",1
"upko",1
"insist",1
"rci",1
"influx",1
"illegal",1
"crucial",1
"richard",1
"sipe",1
"estimates",1
"offended",1
"extrapolates",1
"badly",1
"hated",1
"masterson",1
"yell",1
"genuinely",1
"shook",1
"whispered",1
"exclusive",1
"luxury",1
"clothing",1
"brands",1
"pink",1
"debuts",1
"hyde",1
"johannesburg",1
"dim",1
"surviving",1
"bedside",1
"lamp",1
"neardark",1
"sufficient",1
"grandmothers",1
"anyhow",1
"languages",1
"besides",1
"socorro",1
"copper",1
"swore",1
"mesa",1
"gmen",1
"airforce",1
"hack",1
"reporter",1
"swarmed",1
"parlour",1
"surrounded",1
"sanctuary",1
"comin'",1
"needless",1
"instructor",1
"perineal",1
"helpfully",1
"'i'll",1
"washcloth",1
"bath'",1
"suggested",1
"helpful",1
"suggestive",1
"hilarity",1
"ensued",1
"natrol",1
"expires",1
"prettier",1
"herme",1
"substituted",1
"resulting",1
"bursting",1
"joconde",1
"raspberry",1
"differing",1
"patriotism",1
"divisions",1
"crumbled",1
"ambitions",1
"empires",1
"americanled",1
"saxon",1
"empire",1
"seizing",1
"publish",1
"republish",1
"bold",1
"resort",1
"authors",1
"cooler",1
"funnier",1
"remarked",1
"prophetically",1
"kneedeep",1
"owned",1
"taibs",1
"cousin",1
"nominee",1
"multimillionaire",1
"hamed",1
"sepawi",1
"losses",1
"motivates",1
"shamanhood",1
"betray",1
"oaths",1
"witch",1
"mocks",1
"vows",1
"info",1
"mostly",1
"oneway",1
"comments",1
"expressed",1
"vividly",1
"heb",1
"jamaican",1
"sprinters",1
"flocking",1
"country's",1
"droves",1
"slipping",1
"athletes",1
"spearmon",1
"braumann",1
"carter",1
"holloway",1
"spite",1
"wariner",1
"seemingly",1
"wr",1
"hart",1
"grapevine",1
"sanya",1
"richards",1
"lakers",1
"phil",1
"luke",1
"splashed",1
"towel",1
"sopping",1
"aaggh",1
"thrown",1
"overboard",1
"hydrologists",1
"praguer",1
"malts",1
"fruity",1
"clear",1
"amber",1
"crisp",1
"charities",1
"mainly",1
"appreciate",1
"granted",1
"guides",1
"granular",1
"powder",1
"stretched",1
"curving",1
"fiery",1
"haze",1
"salt",1
"stolik",1
"nudging",1
"toe",1
"lovehate",1
"reuse",1
"insert",1
"laundry",1
"trickle",1
"goodness",1
"baldrick",1
"sir",1
"euro",1
"type",1
"sirens",1
"rice",1
"offers",1
"kindles",1
"nooks",1
"loaded",1
"ereaders",1
"ereader",1
"devices",1
"reference",1
"desk",1
"female",1
"caller",1
"michael",1
"soundtrack",1
"sarah",1
"palin",1
"hopefully",1
"investigate",1
"erie",1
"temperature",1
"beachcombers",1
"wandering",1
"rocks",1
"beach",1
"glass",1
"inviting",1
"cabinet",1
"bareness",1
"decked",1
"differently",1
"floyds",1
"tribune",1
"quoted",1
"floyd",1
"hungarian",1
"parliament",1
"leftist",1
"stance",1
"relativism",1
"destroy",1
"signatures",1
"ascertain",1
"reclaims",1
"autonomy",1
"eminent",1
"intellectual",1
"renewal",1
"balcony",1
"circumstance",1
"bubbles",1
"match",1
"prevailing",1
"maintained",1
"domestically",1
"crickets",1
"alfalfa",1
"calcium",1
"vegetable",1
"scraps",1
"deferentiate",1
"consumer",1
"separates",1
"eighth",1
"rejoicing",1
"gladness",1
"satans",1
"terror",1
"establish",1
"glorious",1
"belong",1
"rightfully",1
"persons",1
"accord",1
"humility",1
"supreme",1
"era",1
"constitute",1
"heavens",1
"ensnared",1
"collective",1
"humanity",1
"newborn",1
"babe",1
"realizing",1
"tremendous",1
"sin",1
"accept",1
"concert",1
"sam",1
"manned",1
"merchandise",1
"tshirts",1
"autographs",1
"posed",1
"pictures",1
"ninja",1
"gracious",1
"fans",1
"adamant",1
"luck",1
"daft",1
"punk",1
"physical",1
"poses",1
"cheat",1
"higher",1
"utthita",1
"hasta",1
"padangusthasana",1
"drop",1
"hip",1
"limitations",1
"hamstrings",1
"safeguards",1
"shoulders",1
"chatturanga",1
"knees",1
"build",1
"props",1
"blank",1
"thunkded",1
"thinker",1
"thinkering",1
"samdonghyemi",1
"samdong's",1
"baekhee",1
"onstage",1
"gliterry",1
"swans",1
"overhears",1
"cheekkiss",1
"manifold",1
"forthright",1
"phenomena",1
"facilitate",1
"communication",1
"fearful",1
"worthwhile",1
"techniques",1
"events",1
"catalog",1
"promoted",1
"spare",1
"lysergic",1
"diethylamide",1
"incident",1
"strangest",1
"sensation",1
"we've",1
"twitched",1
"sweated",1
"restrictions",1
"curfew",1
"official",1
"jumpy",1
"relative",1
"safety",1
"fret",1
"freaked",1
"tensions",1
"simmer",1
"frequent",1
"arguments",1
"mediate",1
"rejected",1
"grilled",1
"salmon",1
"fennel",1
"leeks",1
"balls",1
"attacking",1
"players",1
"organizer",1
"silva",1
"vocal",1
"leadership",1
"processing",1
"resque",1
"delayedjob",1
"starlingworkling",1
"ruby",1
"rails",1
"developers",1
"frameworks",1
"rspec",1
"cucumber",1
"ror",1
"tests",1
"plugins",1
"shoulda",1
"factorygirl",1
"code",1
"documentation",1
"proper",1
"sydney's",1
"teacher's",1
"hosts",1
"fundraiser",1
"replace",1
"shifter",1
"rounded",1
"unused",1
"ebay",1
"flair",1
"electra",1
"flame",1
"grips",1
"lying",1
"pepper",1
"taste",1
"dock",1
"co",1
"alexander",1
"nevesky",1
"imperial",1
"brainstorm",1
"businesses",1
"headbanz",1
"objectthinganimal",1
"headits",1
"sudden",1
"curb",1
"moan",1
"horrified",1
"lip",1
"spurting",1
"swell",1
"blowing",1
"balloon",1
"forehead",1
"leaking",1
"gash",1
"map",1
"dazed",1
"assisi",1
"pastoral",1
"administrator",1
"valerie",1
"chapman",1
"whom",1
"erroneously",1
"identifies",1
"southwest",1
"convince",1
"readers",1
"catholic",1
"hound's",1
"fend",1
"query",1
"entrails",1
"hungrily",1
"gallantly",1
"skulk",1
"waited",1
"sniffed",1
"delicately",1
"mild",1
"distaste",1
"consume",1
"incredulously",1
"bare",1
"thanks",1
"hissed",1
"liability",1
"scruff",1
"transporter",1
"malfunctioning",1
"alright",1
"lucky",1
"museum",1
"envious",1
"awestruck",1
"detail",1
"elevator",1
"faade",1
"museums",1
"elevators",1
"plain",1
"flat",1
"facades",1
"neither",1
"mask",1
"virtual",1
"abandonment",1
"melody",1
"structure",1
"commodify",1
"james",1
"refined",1
"refining",1
"thankful",1
"reflection",1
"engineering",1
"marvel",1
"behold",1
"mysteries",1
"gene",1
"chauffeur",1
"auto",1
"accident",1
"hilda",1
"nervous",1
"wreck",1
"mysterious",1
"calls",1
"corwith",1
"suspense",1
"chapter",1
"italicized",1
"section",1
"insight",1
"thoughts",1
"feelings",1
"references",1
"glowing",1
"admiration",1
"reveal",1
"petty",1
"envy",1
"explode",1
"refer",1
"depeche",1
"mode",1
"tasted",1
"shipped",1
"deliberately",1
"private",1
"bin",1
"villa",1
"marias",1
"lowest",1
"rung",1
"ladder",1
"ipa",1
"epic",1
"'ipa",1
"dinner'",1
"dean",1
"swift",1
"rick",1
"max",1
"chater",1
"brewdog",1
"nottingham",1
"momo",1
"talented",1
"personalized",1
"assemble",1
"jenny",1
"agutter",1
"nuke",1
"manhattan",1
"wielded",1
"walkabout",1
"unfair",1
"happens",1
"reflective",1
"motherinlaw",1
"obgyn",1
"demanded",1
"records",1
"convinced",1
"somehow",1
"vacuum",1
"extractor",1
"responsible",1
"slicing",1
"dicing",1
"netherregions",1
"beatles",1
"pro",1
"fee",1
"volunteera",1
"shift",1
"ticket",1
"pants",1
"recipes",1
"doi",1
"dawn",1
"genius",1
"current",1
"requirements",1
"addressed",1
"km",1
"x",1
"costeffective",1
"suits",1
"entrylevel",1
"combos",1
"hence",1
"kitty",1
"sudhir",1
"managing",1
"inspan",1
"infotech",1
"sinus",1
"brotherinlaw",1
"bedtime",1
"sisters",1
"sis",1
"attitude",1
"servanthood",1
"debt",1
"participation",1
"stapleton",1
"kearns",1
"lodging",1
"upgraded",1
"rooms",1
"guarantee",1
"depressing",1
"subjected",1
"despondent",1
"disciplines",1
"indicative",1
"papers",1
"trembles",1
"income",1
"fulltime",1
"pilot",1
"massive",1
"realistic",1
"manuscripts",1
"ourselves",1
"negatives",1
"continually",1
"polished",1
"strengths",1
"lousy",1
"sandwiches",1
"accepting",1
"conclusions",1
"pulled",1
"pork",1
"cookbook",1
"festival",1
"eha",1
"compliance",1
"shared",1
"formal",1
"allocation",1
"lct",1
"trustees",1
"compromised",1
"slacker",1
"unorganized",1
"sluggish",1
"constant",1
"catch",1
"dominican",1
"republic",1
"issued",1
"denying",1
"sec",1
"leila",1
"limas",1
"president",1
"gloria",1
"macapagalarroyo",1
"asylum",1
"carribean",1
"lima",1
"apologized",1
"arroyos",1
"impeccable",1
"matrilineal",1
"succession",1
"royal",1
"bridei",1
"beli",1
"inheritance",1
"maternal",1
"grandfather",1
"dunnichen",1
"nechtan",1
"impressionable",1
"cataclysmic",1
"turnaround",1
"resulted",1
"northumbria",1
"conquered",1
"pictland",1
"picts",1
"hallucinations",1
"mph",1
"trailer",1
"sway",1
"guzzling",1
"truck",1
"refill",1
"oversized",1
"doctors",1
"diamondshaped",1
"replaced",1
"tardis",1
"arrives",1
"bbc",1
"drowns",1
"thames",1
"heads",1
"nathan",1
"turner",1
"interrupted",1
"tea's",1
"fettucini",1
"alfredo",1
"pros",1
"deserts",1
"incredible",1
"frame",1
"crosspollination",1
"zombie",1
"flick",1
"jungle",1
"action",1
"rambo",1
"shootemup",1
"voodoo",1
"gore",1
"closeout",1
"cliche",1
"macho",1
"mercenaries",1
"damsels",1
"harrowing",1
"escapes",1
"creatures",1
"leaping",1
"shocking",1
"effects",1
"ending",1
"nihilistic",1
"filmmakers",1
"leftovers",1
"lumped",1
"slapped",1
"hoped",1
"mathias",1
"dahlgren",1
"stockholm",1
"sweden",1
"cynical",1
"architect",1
"colourful",1
"jumpers",1
"sits",1
"office",1
"response",1
"avon",1
"houses",1
"canvassed",1
"catalogues",1
"orders",1
"heartbroken",1
"corrie",1
"kym",1
"marsh",1
"begged",1
"fianc",1
"jamie",1
"lomas",1
"radcliffe",1
"expects",1
"hed",1
"seduced",1
"painfully",1
"touched",1
"chit",1
"mistake",1
"tempting",1
"ostracized",1
"unforgiving",1
"ton",1
"complicates",1
"unable",1
"madisons",1
"ripped",1
"inexplicably",1
"fallen",1
"soiled",1
"plans",1
"forge",1
"madison",1
"husbandwhether",1
"hhi",1
"eduard",1
"llovely",1
"replied",1
"stuttering",1
"await",1
"spectral",1
"ships",1
"crimson",1
"tide",1
"genre",1
"itd",1
"romantic",1
"dramalike",1
"reveals",1
"relate",1
"tarsus",1
"blind",1
"spiritually",1
"comprehending",1
"shineth",1
"comprehended",1
"recognise",1
"fairly",1
"heavy",1
"strewn",1
"waffles",1
"junebug",1
"consagrados",1
"confiteria",1
"tandas",1
"afterwards",1
"regular",1
"beso",1
"tbsp",1
"wonton",1
"wrapper",1
"brush",1
"wrappers",1
"pinch",1
"seal",1
"square",1
"pinder",1
"keyboardsvocals",1
"episode",1
"display",1
"smithsonian",1
"drenched",1
"humorous",1
"embarrassing",1
"published",1
"chris",1
"d'lacey",1
"varieties",1
"thrives",1
"seas",1
"bladder",1
"grow",1
"north",1
"pacific",1
"ft",1
"anchors",1
"rocky",1
"via",1
"tentaclelike",1
"slender",1
"stalk",1
"leaflike",1
"blades",1
"spoon",1
"shortcake",1
"mounds",1
"pat",1
"mound",1
"inch",1
"shortcakes",1
"airtight",1
"freezer",1
"defrosting",1
